city,date,health_risk_score,risk_level
Delhi,2017-01-01,61.2,Medium
Delhi,2017-01-02,56.52,Medium
Delhi,2017-01-03,55.38,Medium
Delhi,2017-01-04,60.18,Medium
Delhi,2017-01-05,50.82,Medium
Delhi,2017-01-06,60.75,Medium
Delhi,2017-01-07,58.23,Medium
Delhi,2017-01-08,61.44,Medium
Delhi,2017-01-09,52.86,Medium
Delhi,2017-01-10,51.27,Medium
Delhi,2017-01-11,69.15,High
Delhi,2017-01-12,59.22,Medium
Delhi,2017-01-13,68.91,High
Delhi,2017-01-14,66.06,High
Delhi,2017-01-15,65.25,High
Delhi,2017-01-16,56.46,Medium
Delhi,2017-01-17,53.46,Medium
Delhi,2017-01-18,62.85,Medium
Delhi,2017-01-19,54.21,Medium
Delhi,2017-01-20,58.53,Medium
Delhi,2017-01-21,47.16,Medium
Delhi,2017-01-22,47.46,Medium
Delhi,2017-01-23,51.3,Medium
Delhi,2017-01-24,48.81,Medium
Delhi,2017-01-25,62.91,Medium
Delhi,2017-01-26,46.5,Medium
Delhi,2017-01-27,55.68,Medium
Delhi,2017-01-28,66.18,High
Delhi,2017-01-29,56.43,Medium
Delhi,2017-01-30,54.24,Medium
Delhi,2017-01-31,67.92,High
Delhi,2017-02-01,31.95,Low
Delhi,2017-02-02,46.74,Medium
Delhi,2017-02-03,35.46,Medium
Delhi,2017-02-04,50.19,Medium
Delhi,2017-02-05,40.59,Medium
Delhi,2017-02-06,36.87,Medium
Delhi,2017-02-07,44.64,Medium
Delhi,2017-02-08,38.16,Medium
Delhi,2017-02-09,43.32,Medium
Delhi,2017-02-10,49.08,Medium
Delhi,2017-02-11,48.42,Medium
Delhi,2017-02-12,39.99,Medium
Delhi,2017-02-13,36.15,Medium
Delhi,2017-02-14,47.01,Medium
Delhi,2017-02-15,52.05,Medium
Delhi,2017-02-16,51.0,Medium
Delhi,2017-02-17,38.07,Medium
Delhi,2017-02-18,42.18,Medium
Delhi,2017-02-19,49.05,Medium
Delhi,2017-02-20,36.6,Medium
Delhi,2017-02-21,52.32,Medium
Delhi,2017-02-22,36.57,Medium
Delhi,2017-02-23,45.12,Medium
Delhi,2017-02-24,42.09,Medium
Delhi,2017-02-25,36.24,Medium
Delhi,2017-02-26,40.17,Medium
Delhi,2017-02-27,47.01,Medium
Delhi,2017-02-28,46.98,Medium
Delhi,2017-03-01,50.61,Medium
Delhi,2017-03-02,40.02,Medium
Delhi,2017-03-03,38.55,Medium
Delhi,2017-03-04,47.91,Medium
Delhi,2017-03-05,44.13,Medium
Delhi,2017-03-06,41.07,Medium
Delhi,2017-03-07,45.93,Medium
Delhi,2017-03-08,47.58,Medium
Delhi,2017-03-09,44.52,Medium
Delhi,2017-03-10,40.74,Medium
Delhi,2017-03-11,37.02,Medium
Delhi,2017-03-12,53.43,Medium
Delhi,2017-03-13,41.19,Medium
Delhi,2017-03-14,44.49,Medium
Delhi,2017-03-15,34.98,Low
Delhi,2017-03-16,40.17,Medium
Delhi,2017-03-17,39.81,Medium
Delhi,2017-03-18,45.78,Medium
Delhi,2017-03-19,43.29,Medium
Delhi,2017-03-20,43.44,Medium
Delhi,2017-03-21,47.91,Medium
Delhi,2017-03-22,42.42,Medium
Delhi,2017-03-23,51.36,Medium
Delhi,2017-03-24,36.51,Medium
Delhi,2017-03-25,40.47,Medium
Delhi,2017-03-26,43.35,Medium
Delhi,2017-03-27,41.85,Medium
Delhi,2017-03-28,38.97,Medium
Delhi,2017-03-29,46.92,Medium
Delhi,2017-03-30,40.32,Medium
Delhi,2017-03-31,39.72,Medium
Delhi,2017-04-01,45.73,Medium
Delhi,2017-04-02,34.94,Low
Delhi,2017-04-03,32.64,Low
Delhi,2017-04-04,44.05,Medium
Delhi,2017-04-05,32.9,Low
Delhi,2017-04-06,45.0,Medium
Delhi,2017-04-07,39.54,Medium
Delhi,2017-04-08,23.04,Low
Delhi,2017-04-09,29.39,Low
Delhi,2017-04-10,33.14,Low
Delhi,2017-04-11,31.85,Low
Delhi,2017-04-12,40.9,Medium
Delhi,2017-04-13,42.72,Medium
Delhi,2017-04-14,34.35,Low
Delhi,2017-04-15,41.98,Medium
Delhi,2017-04-16,34.86,Low
Delhi,2017-04-17,46.36,Medium
Delhi,2017-04-18,44.04,Medium
Delhi,2017-04-19,48.99,Medium
Delhi,2017-04-20,37.74,Medium
Delhi,2017-04-21,28.55,Low
Delhi,2017-04-22,34.32,Low
Delhi,2017-04-23,31.4,Low
Delhi,2017-04-24,26.41,Low
Delhi,2017-04-25,46.9,Medium
Delhi,2017-04-26,29.73,Low
Delhi,2017-04-27,32.34,Low
Delhi,2017-04-28,30.52,Low
Delhi,2017-04-29,30.67,Low
Delhi,2017-04-30,42.21,Medium
Delhi,2017-05-01,48.01,Medium
Delhi,2017-05-02,31.25,Low
Delhi,2017-05-03,44.23,Medium
Delhi,2017-05-04,40.3,Medium
Delhi,2017-05-05,37.31,Medium
Delhi,2017-05-06,41.2,Medium
Delhi,2017-05-07,33.6,Low
Delhi,2017-05-08,33.93,Low
Delhi,2017-05-09,38.94,Medium
Delhi,2017-05-10,32.91,Low
Delhi,2017-05-11,46.95,Medium
Delhi,2017-05-12,42.22,Medium
Delhi,2017-05-13,37.17,Medium
Delhi,2017-05-14,36.38,Medium
Delhi,2017-05-15,44.86,Medium
Delhi,2017-05-16,29.22,Low
Delhi,2017-05-17,45.15,Medium
Delhi,2017-05-18,42.45,Medium
Delhi,2017-05-19,37.88,Medium
Delhi,2017-05-20,30.93,Low
Delhi,2017-05-21,32.98,Low
Delhi,2017-05-22,36.98,Medium
Delhi,2017-05-23,30.81,Low
Delhi,2017-05-24,28.79,Low
Delhi,2017-05-25,41.43,Medium
Delhi,2017-05-26,32.39,Low
Delhi,2017-05-27,42.95,Medium
Delhi,2017-05-28,30.71,Low
Delhi,2017-05-29,33.32,Low
Delhi,2017-05-30,25.68,Low
Delhi,2017-05-31,32.4,Low
Delhi,2017-06-01,29.99,Low
Delhi,2017-06-02,31.47,Low
Delhi,2017-06-03,46.74,Medium
Delhi,2017-06-04,41.97,Medium
Delhi,2017-06-05,48.3,Medium
Delhi,2017-06-06,23.52,Low
Delhi,2017-06-07,39.01,Medium
Delhi,2017-06-08,32.97,Low
Delhi,2017-06-09,31.41,Low
Delhi,2017-06-10,34.92,Low
Delhi,2017-06-11,39.36,Medium
Delhi,2017-06-12,45.18,Medium
Delhi,2017-06-13,43.35,Medium
Delhi,2017-06-14,31.24,Low
Delhi,2017-06-15,43.17,Medium
Delhi,2017-06-16,34.95,Low
Delhi,2017-06-17,35.04,Medium
Delhi,2017-06-18,32.92,Low
Delhi,2017-06-19,35.87,Medium
Delhi,2017-06-20,25.26,Low
Delhi,2017-06-21,44.38,Medium
Delhi,2017-06-22,43.95,Medium
Delhi,2017-06-23,37.01,Medium
Delhi,2017-06-24,33.29,Low
Delhi,2017-06-25,22.23,Low
Delhi,2017-06-26,43.17,Medium
Delhi,2017-06-27,42.06,Medium
Delhi,2017-06-28,30.27,Low
Delhi,2017-06-29,34.58,Low
Delhi,2017-06-30,42.96,Medium
Delhi,2017-07-01,23.13,Low
Delhi,2017-07-02,17.16,Low
Delhi,2017-07-03,26.08,Low
Delhi,2017-07-04,23.79,Low
Delhi,2017-07-05,30.31,Low
Delhi,2017-07-06,29.85,Low
Delhi,2017-07-07,26.47,Low
Delhi,2017-07-08,25.85,Low
Delhi,2017-07-09,17.52,Low
Delhi,2017-07-10,25.53,Low
Delhi,2017-07-11,17.43,Low
Delhi,2017-07-12,20.55,Low
Delhi,2017-07-13,23.89,Low
Delhi,2017-07-14,28.89,Low
Delhi,2017-07-15,17.94,Low
Delhi,2017-07-16,21.3,Low
Delhi,2017-07-17,29.37,Low
Delhi,2017-07-18,17.19,Low
Delhi,2017-07-19,25.32,Low
Delhi,2017-07-20,27.09,Low
Delhi,2017-07-21,29.81,Low
Delhi,2017-07-22,27.6,Low
Delhi,2017-07-23,26.04,Low
Delhi,2017-07-24,18.69,Low
Delhi,2017-07-25,24.84,Low
Delhi,2017-07-26,28.59,Low
Delhi,2017-07-27,20.28,Low
Delhi,2017-07-28,27.99,Low
Delhi,2017-07-29,19.82,Low
Delhi,2017-07-30,23.12,Low
Delhi,2017-07-31,21.16,Low
Delhi,2017-08-01,21.12,Low
Delhi,2017-08-02,24.94,Low
Delhi,2017-08-03,26.64,Low
Delhi,2017-08-04,23.87,Low
Delhi,2017-08-05,21.54,Low
Delhi,2017-08-06,18.56,Low
Delhi,2017-08-07,31.54,Low
Delhi,2017-08-08,24.78,Low
Delhi,2017-08-09,23.76,Low
Delhi,2017-08-10,21.81,Low
Delhi,2017-08-11,19.11,Low
Delhi,2017-08-12,26.04,Low
Delhi,2017-08-13,32.15,Low
Delhi,2017-08-14,20.31,Low
Delhi,2017-08-15,23.65,Low
Delhi,2017-08-16,26.99,Low
Delhi,2017-08-17,23.45,Low
Delhi,2017-08-18,20.64,Low
Delhi,2017-08-19,32.3,Low
Delhi,2017-08-20,25.82,Low
Delhi,2017-08-21,20.73,Low
Delhi,2017-08-22,27.32,Low
Delhi,2017-08-23,26.34,Low
Delhi,2017-08-24,22.53,Low
Delhi,2017-08-25,31.42,Low
Delhi,2017-08-26,28.98,Low
Delhi,2017-08-27,21.81,Low
Delhi,2017-08-28,19.2,Low
Delhi,2017-08-29,20.4,Low
Delhi,2017-08-30,31.44,Low
Delhi,2017-08-31,24.63,Low
Delhi,2017-09-01,22.89,Low
Delhi,2017-09-02,30.75,Low
Delhi,2017-09-03,22.53,Low
Delhi,2017-09-04,25.59,Low
Delhi,2017-09-05,24.22,Low
Delhi,2017-09-06,22.83,Low
Delhi,2017-09-07,18.51,Low
Delhi,2017-09-08,25.81,Low
Delhi,2017-09-09,19.65,Low
Delhi,2017-09-10,21.74,Low
Delhi,2017-09-11,20.58,Low
Delhi,2017-09-12,17.97,Low
Delhi,2017-09-13,20.01,Low
Delhi,2017-09-14,18.24,Low
Delhi,2017-09-15,30.0,Low
Delhi,2017-09-16,22.7,Low
Delhi,2017-09-17,21.36,Low
Delhi,2017-09-18,30.9,Low
Delhi,2017-09-19,19.56,Low
Delhi,2017-09-20,22.95,Low
Delhi,2017-09-21,26.51,Low
Delhi,2017-09-22,27.94,Low
Delhi,2017-09-23,26.88,Low
Delhi,2017-09-24,27.9,Low
Delhi,2017-09-25,28.57,Low
Delhi,2017-09-26,25.89,Low
Delhi,2017-09-27,26.76,Low
Delhi,2017-09-28,18.72,Low
Delhi,2017-09-29,26.52,Low
Delhi,2017-09-30,21.54,Low
Delhi,2017-10-01,49.98,Medium
Delhi,2017-10-02,50.4,Medium
Delhi,2017-10-03,41.13,Medium
Delhi,2017-10-04,46.86,Medium
Delhi,2017-10-05,39.96,Medium
Delhi,2017-10-06,36.45,Medium
Delhi,2017-10-07,32.16,Low
Delhi,2017-10-08,47.64,Medium
Delhi,2017-10-09,42.03,Medium
Delhi,2017-10-10,38.7,Medium
Delhi,2017-10-11,36.39,Medium
Delhi,2017-10-12,55.23,Medium
Delhi,2017-10-13,46.17,Medium
Delhi,2017-10-14,54.87,Medium
Delhi,2017-10-15,51.81,Medium
Delhi,2017-10-16,42.45,Medium
Delhi,2017-10-17,35.34,Medium
Delhi,2017-10-18,49.86,Medium
Delhi,2017-10-19,44.85,Medium
Delhi,2017-10-20,45.24,Medium
Delhi,2017-10-21,41.58,Medium
Delhi,2017-10-22,44.73,Medium
Delhi,2017-10-23,49.53,Medium
Delhi,2017-10-24,32.34,Low
Delhi,2017-10-25,39.6,Medium
Delhi,2017-10-26,40.59,Medium
Delhi,2017-10-27,47.01,Medium
Delhi,2017-10-28,37.53,Medium
Delhi,2017-10-29,44.67,Medium
Delhi,2017-10-30,44.52,Medium
Delhi,2017-10-31,50.49,Medium
Delhi,2017-11-01,51.03,Medium
Delhi,2017-11-02,56.82,Medium
Delhi,2017-11-03,48.63,Medium
Delhi,2017-11-04,60.72,Medium
Delhi,2017-11-05,60.0,Medium
Delhi,2017-11-06,47.37,Medium
Delhi,2017-11-07,65.82,High
Delhi,2017-11-08,55.11,Medium
Delhi,2017-11-09,62.04,Medium
Delhi,2017-11-10,62.82,Medium
Delhi,2017-11-11,57.33,Medium
Delhi,2017-11-12,47.46,Medium
Delhi,2017-11-13,44.82,Medium
Delhi,2017-11-14,61.11,Medium
Delhi,2017-11-15,69.9,High
Delhi,2017-11-16,52.62,Medium
Delhi,2017-11-17,48.33,Medium
Delhi,2017-11-18,52.8,Medium
Delhi,2017-11-19,55.11,Medium
Delhi,2017-11-20,70.92,High
Delhi,2017-11-21,68.43,High
Delhi,2017-11-22,65.55,High
Delhi,2017-11-23,54.15,Medium
Delhi,2017-11-24,64.32,Medium
Delhi,2017-11-25,48.06,Medium
Delhi,2017-11-26,45.24,Medium
Delhi,2017-11-27,42.45,Medium
Delhi,2017-11-28,64.14,Medium
Delhi,2017-11-29,54.27,Medium
Delhi,2017-11-30,59.16,Medium
Delhi,2017-12-01,63.36,Medium
Delhi,2017-12-02,69.03,High
Delhi,2017-12-03,44.64,Medium
Delhi,2017-12-04,68.46,High
Delhi,2017-12-05,72.12,High
Delhi,2017-12-06,71.85,High
Delhi,2017-12-07,47.1,Medium
Delhi,2017-12-08,51.48,Medium
Delhi,2017-12-09,55.8,Medium
Delhi,2017-12-10,63.09,Medium
Delhi,2017-12-11,71.73,High
Delhi,2017-12-12,60.12,Medium
Delhi,2017-12-13,71.37,High
Delhi,2017-12-14,47.07,Medium
Delhi,2017-12-15,67.29,High
Delhi,2017-12-16,58.65,Medium
Delhi,2017-12-17,63.81,Medium
Delhi,2017-12-18,65.88,High
Delhi,2017-12-19,49.2,Medium
Delhi,2017-12-20,57.33,Medium
Delhi,2017-12-21,58.08,Medium
Delhi,2017-12-22,58.53,Medium
Delhi,2017-12-23,52.17,Medium
Delhi,2017-12-24,49.44,Medium
Delhi,2017-12-25,47.25,Medium
Delhi,2017-12-26,56.55,Medium
Delhi,2017-12-27,61.26,Medium
Delhi,2017-12-28,66.57,High
Delhi,2017-12-29,49.29,Medium
Delhi,2017-12-30,61.17,Medium
Delhi,2017-12-31,66.15,High
Delhi,2018-01-01,68.58,High
Delhi,2018-01-02,54.81,Medium
Delhi,2018-01-03,44.07,Medium
Delhi,2018-01-04,66.27,High
Delhi,2018-01-05,65.46,High
Delhi,2018-01-06,72.57,High
Delhi,2018-01-07,64.02,Medium
Delhi,2018-01-08,57.42,Medium
Delhi,2018-01-09,67.38,High
Delhi,2018-01-10,55.29,Medium
Delhi,2018-01-11,70.47,High
Delhi,2018-01-12,63.72,Medium
Delhi,2018-01-13,49.74,Medium
Delhi,2018-01-14,54.09,Medium
Delhi,2018-01-15,61.65,Medium
Delhi,2018-01-16,47.04,Medium
Delhi,2018-01-17,44.85,Medium
Delhi,2018-01-18,42.69,Medium
Delhi,2018-01-19,45.72,Medium
Delhi,2018-01-20,60.93,Medium
Delhi,2018-01-21,57.12,Medium
Delhi,2018-01-22,53.22,Medium
Delhi,2018-01-23,60.96,Medium
Delhi,2018-01-24,55.71,Medium
Delhi,2018-01-25,56.19,Medium
Delhi,2018-01-26,61.68,Medium
Delhi,2018-01-27,69.27,High
Delhi,2018-01-28,69.36,High
Delhi,2018-01-29,66.54,High
Delhi,2018-01-30,45.96,Medium
Delhi,2018-01-31,66.21,High
Delhi,2018-02-01,36.03,Medium
Delhi,2018-02-02,37.41,Medium
Delhi,2018-02-03,54.15,Medium
Delhi,2018-02-04,32.55,Low
Delhi,2018-02-05,38.34,Medium
Delhi,2018-02-06,39.45,Medium
Delhi,2018-02-07,43.17,Medium
Delhi,2018-02-08,48.78,Medium
Delhi,2018-02-09,49.74,Medium
Delhi,2018-02-10,49.95,Medium
Delhi,2018-02-11,46.98,Medium
Delhi,2018-02-12,51.75,Medium
Delhi,2018-02-13,45.24,Medium
Delhi,2018-02-14,43.68,Medium
Delhi,2018-02-15,48.78,Medium
Delhi,2018-02-16,37.56,Medium
Delhi,2018-02-17,48.81,Medium
Delhi,2018-02-18,44.04,Medium
Delhi,2018-02-19,38.46,Medium
Delhi,2018-02-20,39.03,Medium
Delhi,2018-02-21,38.01,Medium
Delhi,2018-02-22,50.73,Medium
Delhi,2018-02-23,37.65,Medium
Delhi,2018-02-24,48.57,Medium
Delhi,2018-02-25,40.74,Medium
Delhi,2018-02-26,44.28,Medium
Delhi,2018-02-27,39.75,Medium
Delhi,2018-02-28,47.82,Medium
Delhi,2018-03-01,42.57,Medium
Delhi,2018-03-02,44.28,Medium
Delhi,2018-03-03,40.8,Medium
Delhi,2018-03-04,36.3,Medium
Delhi,2018-03-05,40.2,Medium
Delhi,2018-03-06,41.64,Medium
Delhi,2018-03-07,50.85,Medium
Delhi,2018-03-08,30.42,Low
Delhi,2018-03-09,35.91,Medium
Delhi,2018-03-10,38.25,Medium
Delhi,2018-03-11,47.79,Medium
Delhi,2018-03-12,54.51,Medium
Delhi,2018-03-13,36.06,Medium
Delhi,2018-03-14,37.53,Medium
Delhi,2018-03-15,37.17,Medium
Delhi,2018-03-16,39.09,Medium
Delhi,2018-03-17,33.96,Low
Delhi,2018-03-18,40.11,Medium
Delhi,2018-03-19,47.52,Medium
Delhi,2018-03-20,35.52,Medium
Delhi,2018-03-21,40.26,Medium
Delhi,2018-03-22,34.02,Low
Delhi,2018-03-23,40.14,Medium
Delhi,2018-03-24,45.9,Medium
Delhi,2018-03-25,45.78,Medium
Delhi,2018-03-26,44.97,Medium
Delhi,2018-03-27,36.75,Medium
Delhi,2018-03-28,53.25,Medium
Delhi,2018-03-29,43.89,Medium
Delhi,2018-03-30,40.95,Medium
Delhi,2018-03-31,43.95,Medium
Delhi,2018-04-01,35.78,Medium
Delhi,2018-04-02,31.27,Low
Delhi,2018-04-03,31.71,Low
Delhi,2018-04-04,31.46,Low
Delhi,2018-04-05,41.49,Medium
Delhi,2018-04-06,33.37,Low
Delhi,2018-04-07,34.69,Low
Delhi,2018-04-08,35.39,Medium
Delhi,2018-04-09,28.11,Low
Delhi,2018-04-10,30.87,Low
Delhi,2018-04-11,34.71,Low
Delhi,2018-04-12,37.27,Medium
Delhi,2018-04-13,30.52,Low
Delhi,2018-04-14,35.31,Medium
Delhi,2018-04-15,49.5,Medium
Delhi,2018-04-16,33.87,Low
Delhi,2018-04-17,35.09,Medium
Delhi,2018-04-18,38.64,Medium
Delhi,2018-04-19,39.21,Medium
Delhi,2018-04-20,37.14,Medium
Delhi,2018-04-21,36.87,Medium
Delhi,2018-04-22,32.55,Low
Delhi,2018-04-23,29.95,Low
Delhi,2018-04-24,33.96,Low
Delhi,2018-04-25,32.28,Low
Delhi,2018-04-26,38.31,Medium
Delhi,2018-04-27,27.65,Low
Delhi,2018-04-28,38.55,Medium
Delhi,2018-04-29,27.82,Low
Delhi,2018-04-30,38.48,Medium
Delhi,2018-05-01,36.92,Medium
Delhi,2018-05-02,29.48,Low
Delhi,2018-05-03,40.35,Medium
Delhi,2018-05-04,40.5,Medium
Delhi,2018-05-05,38.58,Medium
Delhi,2018-05-06,42.05,Medium
Delhi,2018-05-07,29.54,Low
Delhi,2018-05-08,33.81,Low
Delhi,2018-05-09,42.6,Medium
Delhi,2018-05-10,39.8,Medium
Delhi,2018-05-11,41.86,Medium
Delhi,2018-05-12,29.66,Low
Delhi,2018-05-13,39.03,Medium
Delhi,2018-05-14,35.59,Medium
Delhi,2018-05-15,26.34,Low
Delhi,2018-05-16,39.07,Medium
Delhi,2018-05-17,34.41,Low
Delhi,2018-05-18,28.06,Low
Delhi,2018-05-19,37.22,Medium
Delhi,2018-05-20,32.68,Low
Delhi,2018-05-21,29.75,Low
Delhi,2018-05-22,31.5,Low
Delhi,2018-05-23,33.28,Low
Delhi,2018-05-24,49.08,Medium
Delhi,2018-05-25,44.77,Medium
Delhi,2018-05-26,25.14,Low
Delhi,2018-05-27,27.07,Low
Delhi,2018-05-28,34.3,Low
Delhi,2018-05-29,30.09,Low
Delhi,2018-05-30,34.72,Low
Delhi,2018-05-31,24.74,Low
Delhi,2018-06-01,44.01,Medium
Delhi,2018-06-02,35.86,Medium
Delhi,2018-06-03,34.03,Low
Delhi,2018-06-04,40.01,Medium
Delhi,2018-06-05,44.78,Medium
Delhi,2018-06-06,40.74,Medium
Delhi,2018-06-07,39.6,Medium
Delhi,2018-06-08,27.18,Low
Delhi,2018-06-09,37.86,Medium
Delhi,2018-06-10,28.59,Low
Delhi,2018-06-11,32.76,Low
Delhi,2018-06-12,34.03,Low
Delhi,2018-06-13,40.75,Medium
Delhi,2018-06-14,31.59,Low
Delhi,2018-06-15,25.66,Low
Delhi,2018-06-16,39.45,Medium
Delhi,2018-06-17,34.81,Low
Delhi,2018-06-18,40.41,Medium
Delhi,2018-06-19,37.1,Medium
Delhi,2018-06-20,41.43,Medium
Delhi,2018-06-21,27.93,Low
Delhi,2018-06-22,43.94,Medium
Delhi,2018-06-23,34.86,Low
Delhi,2018-06-24,38.92,Medium
Delhi,2018-06-25,44.44,Medium
Delhi,2018-06-26,23.12,Low
Delhi,2018-06-27,33.64,Low
Delhi,2018-06-28,27.73,Low
Delhi,2018-06-29,42.02,Medium
Delhi,2018-06-30,31.65,Low
Delhi,2018-07-01,21.69,Low
Delhi,2018-07-02,18.96,Low
Delhi,2018-07-03,28.45,Low
Delhi,2018-07-04,32.69,Low
Delhi,2018-07-05,23.44,Low
Delhi,2018-07-06,26.5,Low
Delhi,2018-07-07,28.04,Low
Delhi,2018-07-08,21.15,Low
Delhi,2018-07-09,19.38,Low
Delhi,2018-07-10,25.2,Low
Delhi,2018-07-11,20.59,Low
Delhi,2018-07-12,22.94,Low
Delhi,2018-07-13,27.92,Low
Delhi,2018-07-14,22.86,Low
Delhi,2018-07-15,30.48,Low
Delhi,2018-07-16,26.01,Low
Delhi,2018-07-17,22.87,Low
Delhi,2018-07-18,20.22,Low
Delhi,2018-07-19,27.51,Low
Delhi,2018-07-20,21.81,Low
Delhi,2018-07-21,29.8,Low
Delhi,2018-07-22,22.56,Low
Delhi,2018-07-23,23.28,Low
Delhi,2018-07-24,23.7,Low
Delhi,2018-07-25,22.33,Low
Delhi,2018-07-26,20.04,Low
Delhi,2018-07-27,28.94,Low
Delhi,2018-07-28,19.56,Low
Delhi,2018-07-29,20.52,Low
Delhi,2018-07-30,19.29,Low
Delhi,2018-07-31,18.6,Low
Delhi,2018-08-01,29.25,Low
Delhi,2018-08-02,28.17,Low
Delhi,2018-08-03,24.72,Low
Delhi,2018-08-04,25.74,Low
Delhi,2018-08-05,25.44,Low
Delhi,2018-08-06,27.9,Low
Delhi,2018-08-07,30.18,Low
Delhi,2018-08-08,27.6,Low
Delhi,2018-08-09,16.26,Low
Delhi,2018-08-10,23.59,Low
Delhi,2018-08-11,33.14,Low
Delhi,2018-08-12,25.23,Low
Delhi,2018-08-13,23.31,Low
Delhi,2018-08-14,30.27,Low
Delhi,2018-08-15,19.14,Low
Delhi,2018-08-16,26.19,Low
Delhi,2018-08-17,27.38,Low
Delhi,2018-08-18,30.81,Low
Delhi,2018-08-19,19.32,Low
Delhi,2018-08-20,23.18,Low
Delhi,2018-08-21,27.94,Low
Delhi,2018-08-22,25.64,Low
Delhi,2018-08-23,26.01,Low
Delhi,2018-08-24,25.77,Low
Delhi,2018-08-25,22.84,Low
Delhi,2018-08-26,22.14,Low
Delhi,2018-08-27,20.46,Low
Delhi,2018-08-28,23.36,Low
Delhi,2018-08-29,24.84,Low
Delhi,2018-08-30,22.11,Low
Delhi,2018-08-31,23.55,Low
Delhi,2018-09-01,23.37,Low
Delhi,2018-09-02,26.03,Low
Delhi,2018-09-03,30.57,Low
Delhi,2018-09-04,28.59,Low
Delhi,2018-09-05,27.69,Low
Delhi,2018-09-06,19.17,Low
Delhi,2018-09-07,23.07,Low
Delhi,2018-09-08,30.65,Low
Delhi,2018-09-09,23.46,Low
Delhi,2018-09-10,29.79,Low
Delhi,2018-09-11,33.48,Low
Delhi,2018-09-12,18.97,Low
Delhi,2018-09-13,20.49,Low
Delhi,2018-09-14,17.13,Low
Delhi,2018-09-15,20.53,Low
Delhi,2018-09-16,27.86,Low
Delhi,2018-09-17,28.8,Low
Delhi,2018-09-18,23.12,Low
Delhi,2018-09-19,23.82,Low
Delhi,2018-09-20,21.89,Low
Delhi,2018-09-21,26.22,Low
Delhi,2018-09-22,23.55,Low
Delhi,2018-09-23,24.7,Low
Delhi,2018-09-24,16.26,Low
Delhi,2018-09-25,17.24,Low
Delhi,2018-09-26,21.36,Low
Delhi,2018-09-27,30.15,Low
Delhi,2018-09-28,29.22,Low
Delhi,2018-09-29,23.37,Low
Delhi,2018-09-30,16.68,Low
Delhi,2018-10-01,40.92,Medium
Delhi,2018-10-02,42.6,Medium
Delhi,2018-10-03,47.46,Medium
Delhi,2018-10-04,45.45,Medium
Delhi,2018-10-05,44.07,Medium
Delhi,2018-10-06,45.54,Medium
Delhi,2018-10-07,47.43,Medium
Delhi,2018-10-08,52.95,Medium
Delhi,2018-10-09,52.2,Medium
Delhi,2018-10-10,52.05,Medium
Delhi,2018-10-11,36.69,Medium
Delhi,2018-10-12,38.85,Medium
Delhi,2018-10-13,38.22,Medium
Delhi,2018-10-14,44.1,Medium
Delhi,2018-10-15,42.51,Medium
Delhi,2018-10-16,39.51,Medium
Delhi,2018-10-17,34.89,Low
Delhi,2018-10-18,48.81,Medium
Delhi,2018-10-19,34.8,Low
Delhi,2018-10-20,40.95,Medium
Delhi,2018-10-21,47.73,Medium
Delhi,2018-10-22,35.97,Medium
Delhi,2018-10-23,50.52,Medium
Delhi,2018-10-24,34.77,Low
Delhi,2018-10-25,52.68,Medium
Delhi,2018-10-26,38.16,Medium
Delhi,2018-10-27,34.29,Low
Delhi,2018-10-28,33.51,Low
Delhi,2018-10-29,45.06,Medium
Delhi,2018-10-30,48.57,Medium
Delhi,2018-10-31,41.1,Medium
Delhi,2018-11-01,61.86,Medium
Delhi,2018-11-02,51.54,Medium
Delhi,2018-11-03,65.61,High
Delhi,2018-11-04,68.13,High
Delhi,2018-11-05,64.23,Medium
Delhi,2018-11-06,52.71,Medium
Delhi,2018-11-07,55.65,Medium
Delhi,2018-11-08,55.14,Medium
Delhi,2018-11-09,61.32,Medium
Delhi,2018-11-10,57.84,Medium
Delhi,2018-11-11,56.76,Medium
Delhi,2018-11-12,66.93,High
Delhi,2018-11-13,62.76,Medium
Delhi,2018-11-14,65.61,High
Delhi,2018-11-15,61.89,Medium
Delhi,2018-11-16,47.82,Medium
Delhi,2018-11-17,56.04,Medium
Delhi,2018-11-18,54.45,Medium
Delhi,2018-11-19,66.87,High
Delhi,2018-11-20,58.47,Medium
Delhi,2018-11-21,50.97,Medium
Delhi,2018-11-22,70.08,High
Delhi,2018-11-23,72.42,High
Delhi,2018-11-24,59.79,Medium
Delhi,2018-11-25,63.06,Medium
Delhi,2018-11-26,58.2,Medium
Delhi,2018-11-27,55.71,Medium
Delhi,2018-11-28,66.9,High
Delhi,2018-11-29,55.11,Medium
Delhi,2018-11-30,72.03,High
Delhi,2018-12-01,54.6,Medium
Delhi,2018-12-02,61.59,Medium
Delhi,2018-12-03,64.02,Medium
Delhi,2018-12-04,54.66,Medium
Delhi,2018-12-05,55.68,Medium
Delhi,2018-12-06,67.05,High
Delhi,2018-12-07,70.23,High
Delhi,2018-12-08,55.17,Medium
Delhi,2018-12-09,64.44,Medium
Delhi,2018-12-10,66.6,High
Delhi,2018-12-11,64.62,Medium
Delhi,2018-12-12,62.4,Medium
Delhi,2018-12-13,47.13,Medium
Delhi,2018-12-14,63.45,Medium
Delhi,2018-12-15,63.39,Medium
Delhi,2018-12-16,62.04,Medium
Delhi,2018-12-17,69.93,High
Delhi,2018-12-18,57.27,Medium
Delhi,2018-12-19,68.94,High
Delhi,2018-12-20,47.67,Medium
Delhi,2018-12-21,54.06,Medium
Delhi,2018-12-22,61.2,Medium
Delhi,2018-12-23,52.41,Medium
Delhi,2018-12-24,56.55,Medium
Delhi,2018-12-25,57.6,Medium
Delhi,2018-12-26,70.5,High
Delhi,2018-12-27,48.15,Medium
Delhi,2018-12-28,56.97,Medium
Delhi,2018-12-29,49.8,Medium
Delhi,2018-12-30,53.94,Medium
Delhi,2018-12-31,61.2,Medium
Delhi,2019-01-01,63.93,Medium
Delhi,2019-01-02,58.98,Medium
Delhi,2019-01-03,51.87,Medium
Delhi,2019-01-04,51.27,Medium
Delhi,2019-01-05,57.15,Medium
Delhi,2019-01-06,60.87,Medium
Delhi,2019-01-07,63.3,Medium
Delhi,2019-01-08,45.12,Medium
Delhi,2019-01-09,51.72,Medium
Delhi,2019-01-10,65.04,High
Delhi,2019-01-11,63.15,Medium
Delhi,2019-01-12,64.2,Medium
Delhi,2019-01-13,66.99,High
Delhi,2019-01-14,63.99,Medium
Delhi,2019-01-15,57.45,Medium
Delhi,2019-01-16,51.66,Medium
Delhi,2019-01-17,44.61,Medium
Delhi,2019-01-18,59.7,Medium
Delhi,2019-01-19,55.11,Medium
Delhi,2019-01-20,65.52,High
Delhi,2019-01-21,64.14,Medium
Delhi,2019-01-22,61.17,Medium
Delhi,2019-01-23,58.86,Medium
Delhi,2019-01-24,48.96,Medium
Delhi,2019-01-25,59.61,Medium
Delhi,2019-01-26,51.27,Medium
Delhi,2019-01-27,55.95,Medium
Delhi,2019-01-28,51.24,Medium
Delhi,2019-01-29,63.87,Medium
Delhi,2019-01-30,42.27,Medium
Delhi,2019-01-31,68.46,High
Delhi,2019-02-01,44.46,Medium
Delhi,2019-02-02,44.22,Medium
Delhi,2019-02-03,48.57,Medium
Delhi,2019-02-04,49.17,Medium
Delhi,2019-02-05,52.02,Medium
Delhi,2019-02-06,37.5,Medium
Delhi,2019-02-07,43.53,Medium
Delhi,2019-02-08,45.99,Medium
Delhi,2019-02-09,45.63,Medium
Delhi,2019-02-10,53.37,Medium
Delhi,2019-02-11,41.28,Medium
Delhi,2019-02-12,37.65,Medium
Delhi,2019-02-13,45.9,Medium
Delhi,2019-02-14,45.3,Medium
Delhi,2019-02-15,54.03,Medium
Delhi,2019-02-16,39.51,Medium
Delhi,2019-02-17,40.89,Medium
Delhi,2019-02-18,47.97,Medium
Delhi,2019-02-19,49.08,Medium
Delhi,2019-02-20,46.59,Medium
Delhi,2019-02-21,36.54,Medium
Delhi,2019-02-22,42.54,Medium
Delhi,2019-02-23,47.49,Medium
Delhi,2019-02-24,35.58,Medium
Delhi,2019-02-25,48.15,Medium
Delhi,2019-02-26,43.68,Medium
Delhi,2019-02-27,41.43,Medium
Delhi,2019-02-28,48.9,Medium
Delhi,2019-03-01,48.15,Medium
Delhi,2019-03-02,34.77,Low
Delhi,2019-03-03,49.17,Medium
Delhi,2019-03-04,36.3,Medium
Delhi,2019-03-05,49.59,Medium
Delhi,2019-03-06,42.96,Medium
Delhi,2019-03-07,32.58,Low
Delhi,2019-03-08,35.67,Medium
Delhi,2019-03-09,36.54,Medium
Delhi,2019-03-10,48.93,Medium
Delhi,2019-03-11,49.17,Medium
Delhi,2019-03-12,40.86,Medium
Delhi,2019-03-13,45.36,Medium
Delhi,2019-03-14,39.87,Medium
Delhi,2019-03-15,39.81,Medium
Delhi,2019-03-16,46.47,Medium
Delhi,2019-03-17,40.35,Medium
Delhi,2019-03-18,36.12,Medium
Delhi,2019-03-19,45.54,Medium
Delhi,2019-03-20,44.94,Medium
Delhi,2019-03-21,48.27,Medium
Delhi,2019-03-22,43.65,Medium
Delhi,2019-03-23,45.84,Medium
Delhi,2019-03-24,39.72,Medium
Delhi,2019-03-25,46.35,Medium
Delhi,2019-03-26,34.68,Low
Delhi,2019-03-27,40.47,Medium
Delhi,2019-03-28,50.64,Medium
Delhi,2019-03-29,49.5,Medium
Delhi,2019-03-30,38.61,Medium
Delhi,2019-03-31,53.07,Medium
Delhi,2019-04-01,28.79,Low
Delhi,2019-04-02,32.97,Low
Delhi,2019-04-03,25.61,Low
Delhi,2019-04-04,24.92,Low
Delhi,2019-04-05,41.97,Medium
Delhi,2019-04-06,34.98,Low
Delhi,2019-04-07,22.11,Low
Delhi,2019-04-08,36.75,Medium
Delhi,2019-04-09,28.55,Low
Delhi,2019-04-10,31.85,Low
Delhi,2019-04-11,31.27,Low
Delhi,2019-04-12,43.46,Medium
Delhi,2019-04-13,30.0,Low
Delhi,2019-04-14,46.49,Medium
Delhi,2019-04-15,44.44,Medium
Delhi,2019-04-16,30.53,Low
Delhi,2019-04-17,38.38,Medium
Delhi,2019-04-18,48.1,Medium
Delhi,2019-04-19,38.07,Medium
Delhi,2019-04-20,24.48,Low
Delhi,2019-04-21,32.88,Low
Delhi,2019-04-22,42.61,Medium
Delhi,2019-04-23,26.7,Low
Delhi,2019-04-24,28.17,Low
Delhi,2019-04-25,27.44,Low
Delhi,2019-04-26,35.34,Medium
Delhi,2019-04-27,35.28,Medium
Delhi,2019-04-28,30.94,Low
Delhi,2019-04-29,32.97,Low
Delhi,2019-04-30,32.29,Low
Delhi,2019-05-01,32.42,Low
Delhi,2019-05-02,32.16,Low
Delhi,2019-05-03,47.72,Medium
Delhi,2019-05-04,32.37,Low
Delhi,2019-05-05,28.0,Low
Delhi,2019-05-06,36.99,Medium
Delhi,2019-05-07,33.35,Low
Delhi,2019-05-08,26.85,Low
Delhi,2019-05-09,30.63,Low
Delhi,2019-05-10,42.24,Medium
Delhi,2019-05-11,36.72,Medium
Delhi,2019-05-12,31.42,Low
Delhi,2019-05-13,36.41,Medium
Delhi,2019-05-14,45.74,Medium
Delhi,2019-05-15,32.07,Low
Delhi,2019-05-16,28.54,Low
Delhi,2019-05-17,46.27,Medium
Delhi,2019-05-18,31.96,Low
Delhi,2019-05-19,41.29,Medium
Delhi,2019-05-20,37.44,Medium
Delhi,2019-05-21,31.52,Low
Delhi,2019-05-22,38.4,Medium
Delhi,2019-05-23,29.83,Low
Delhi,2019-05-24,34.84,Low
Delhi,2019-05-25,40.74,Medium
Delhi,2019-05-26,35.07,Medium
Delhi,2019-05-27,25.71,Low
Delhi,2019-05-28,32.79,Low
Delhi,2019-05-29,39.57,Medium
Delhi,2019-05-30,35.05,Medium
Delhi,2019-05-31,35.73,Medium
Delhi,2019-06-01,29.77,Low
Delhi,2019-06-02,31.13,Low
Delhi,2019-06-03,37.53,Medium
Delhi,2019-06-04,33.03,Low
Delhi,2019-06-05,44.32,Medium
Delhi,2019-06-06,33.57,Low
Delhi,2019-06-07,47.01,Medium
Delhi,2019-06-08,29.46,Low
Delhi,2019-06-09,38.97,Medium
Delhi,2019-06-10,42.06,Medium
Delhi,2019-06-11,47.03,Medium
Delhi,2019-06-12,40.83,Medium
Delhi,2019-06-13,27.39,Low
Delhi,2019-06-14,42.16,Medium
Delhi,2019-06-15,25.08,Low
Delhi,2019-06-16,37.82,Medium
Delhi,2019-06-17,39.67,Medium
Delhi,2019-06-18,35.24,Medium
Delhi,2019-06-19,48.38,Medium
Delhi,2019-06-20,25.89,Low
Delhi,2019-06-21,37.93,Medium
Delhi,2019-06-22,38.76,Medium
Delhi,2019-06-23,43.6,Medium
Delhi,2019-06-24,36.43,Medium
Delhi,2019-06-25,43.26,Medium
Delhi,2019-06-26,40.62,Medium
Delhi,2019-06-27,27.75,Low
Delhi,2019-06-28,30.83,Low
Delhi,2019-06-29,27.98,Low
Delhi,2019-06-30,35.58,Medium
Delhi,2019-07-01,26.31,Low
Delhi,2019-07-02,28.77,Low
Delhi,2019-07-03,21.08,Low
Delhi,2019-07-04,24.07,Low
Delhi,2019-07-05,26.16,Low
Delhi,2019-07-06,23.79,Low
Delhi,2019-07-07,28.32,Low
Delhi,2019-07-08,23.43,Low
Delhi,2019-07-09,25.65,Low
Delhi,2019-07-10,15.87,Low
Delhi,2019-07-11,26.13,Low
Delhi,2019-07-12,23.82,Low
Delhi,2019-07-13,30.89,Low
Delhi,2019-07-14,31.51,Low
Delhi,2019-07-15,19.14,Low
Delhi,2019-07-16,21.75,Low
Delhi,2019-07-17,26.1,Low
Delhi,2019-07-18,25.93,Low
Delhi,2019-07-19,25.54,Low
Delhi,2019-07-20,25.68,Low
Delhi,2019-07-21,19.44,Low
Delhi,2019-07-22,20.19,Low
Delhi,2019-07-23,21.78,Low
Delhi,2019-07-24,27.18,Low
Delhi,2019-07-25,23.64,Low
Delhi,2019-07-26,19.62,Low
Delhi,2019-07-27,24.57,Low
Delhi,2019-07-28,31.14,Low
Delhi,2019-07-29,31.08,Low
Delhi,2019-07-30,24.39,Low
Delhi,2019-07-31,18.0,Low
Delhi,2019-08-01,29.94,Low
Delhi,2019-08-02,28.74,Low
Delhi,2019-08-03,17.4,Low
Delhi,2019-08-04,22.89,Low
Delhi,2019-08-05,21.1,Low
Delhi,2019-08-06,27.31,Low
Delhi,2019-08-07,30.19,Low
Delhi,2019-08-08,20.06,Low
Delhi,2019-08-09,30.03,Low
Delhi,2019-08-10,27.51,Low
Delhi,2019-08-11,24.51,Low
Delhi,2019-08-12,24.69,Low
Delhi,2019-08-13,26.44,Low
Delhi,2019-08-14,22.26,Low
Delhi,2019-08-15,26.1,Low
Delhi,2019-08-16,23.22,Low
Delhi,2019-08-17,18.96,Low
Delhi,2019-08-18,19.47,Low
Delhi,2019-08-19,25.59,Low
Delhi,2019-08-20,20.28,Low
Delhi,2019-08-21,30.58,Low
Delhi,2019-08-22,23.85,Low
Delhi,2019-08-23,25.44,Low
Delhi,2019-08-24,19.86,Low
Delhi,2019-08-25,17.49,Low
Delhi,2019-08-26,28.81,Low
Delhi,2019-08-27,28.74,Low
Delhi,2019-08-28,23.28,Low
Delhi,2019-08-29,28.2,Low
Delhi,2019-08-30,19.02,Low
Delhi,2019-08-31,31.26,Low
Delhi,2019-09-01,24.56,Low
Delhi,2019-09-02,23.8,Low
Delhi,2019-09-03,27.52,Low
Delhi,2019-09-04,22.94,Low
Delhi,2019-09-05,26.06,Low
Delhi,2019-09-06,28.95,Low
Delhi,2019-09-07,30.88,Low
Delhi,2019-09-08,30.03,Low
Delhi,2019-09-09,27.84,Low
Delhi,2019-09-10,21.22,Low
Delhi,2019-09-11,31.91,Low
Delhi,2019-09-12,29.3,Low
Delhi,2019-09-13,28.51,Low
Delhi,2019-09-14,31.68,Low
Delhi,2019-09-15,19.62,Low
Delhi,2019-09-16,18.45,Low
Delhi,2019-09-17,24.01,Low
Delhi,2019-09-18,30.18,Low
Delhi,2019-09-19,19.5,Low
Delhi,2019-09-20,20.76,Low
Delhi,2019-09-21,20.16,Low
Delhi,2019-09-22,20.37,Low
Delhi,2019-09-23,20.03,Low
Delhi,2019-09-24,23.18,Low
Delhi,2019-09-25,21.87,Low
Delhi,2019-09-26,27.24,Low
Delhi,2019-09-27,18.02,Low
Delhi,2019-09-28,23.11,Low
Delhi,2019-09-29,21.72,Low
Delhi,2019-09-30,31.95,Low
Delhi,2019-10-01,45.45,Medium
Delhi,2019-10-02,44.43,Medium
Delhi,2019-10-03,47.58,Medium
Delhi,2019-10-04,51.66,Medium
Delhi,2019-10-05,42.81,Medium
Delhi,2019-10-06,38.16,Medium
Delhi,2019-10-07,42.39,Medium
Delhi,2019-10-08,54.21,Medium
Delhi,2019-10-09,38.07,Medium
Delhi,2019-10-10,47.52,Medium
Delhi,2019-10-11,37.68,Medium
Delhi,2019-10-12,53.94,Medium
Delhi,2019-10-13,42.48,Medium
Delhi,2019-10-14,42.51,Medium
Delhi,2019-10-15,46.5,Medium
Delhi,2019-10-16,45.36,Medium
Delhi,2019-10-17,52.95,Medium
Delhi,2019-10-18,36.57,Medium
Delhi,2019-10-19,48.9,Medium
Delhi,2019-10-20,45.75,Medium
Delhi,2019-10-21,44.04,Medium
Delhi,2019-10-22,35.07,Medium
Delhi,2019-10-23,37.17,Medium
Delhi,2019-10-24,52.38,Medium
Delhi,2019-10-25,40.26,Medium
Delhi,2019-10-26,41.64,Medium
Delhi,2019-10-27,53.31,Medium
Delhi,2019-10-28,38.43,Medium
Delhi,2019-10-29,37.23,Medium
Delhi,2019-10-30,45.27,Medium
Delhi,2019-10-31,42.51,Medium
Delhi,2019-11-01,51.45,Medium
Delhi,2019-11-02,47.85,Medium
Delhi,2019-11-03,61.26,Medium
Delhi,2019-11-04,58.8,Medium
Delhi,2019-11-05,55.8,Medium
Delhi,2019-11-06,61.35,Medium
Delhi,2019-11-07,58.5,Medium
Delhi,2019-11-08,52.65,Medium
Delhi,2019-11-09,57.24,Medium
Delhi,2019-11-10,61.95,Medium
Delhi,2019-11-11,66.84,High
Delhi,2019-11-12,60.57,Medium
Delhi,2019-11-13,56.85,Medium
Delhi,2019-11-14,58.5,Medium
Delhi,2019-11-15,53.7,Medium
Delhi,2019-11-16,63.57,Medium
Delhi,2019-11-17,65.07,High
Delhi,2019-11-18,49.08,Medium
Delhi,2019-11-19,66.45,High
Delhi,2019-11-20,51.12,Medium
Delhi,2019-11-21,57.81,Medium
Delhi,2019-11-22,63.21,Medium
Delhi,2019-11-23,65.79,High
Delhi,2019-11-24,62.79,Medium
Delhi,2019-11-25,51.6,Medium
Delhi,2019-11-26,61.44,Medium
Delhi,2019-11-27,59.79,Medium
Delhi,2019-11-28,54.66,Medium
Delhi,2019-11-29,57.78,Medium
Delhi,2019-11-30,65.79,High
Delhi,2019-12-01,66.27,High
Delhi,2019-12-02,57.36,Medium
Delhi,2019-12-03,48.9,Medium
Delhi,2019-12-04,66.6,High
Delhi,2019-12-05,64.95,Medium
Delhi,2019-12-06,70.74,High
Delhi,2019-12-07,54.93,Medium
Delhi,2019-12-08,51.48,Medium
Delhi,2019-12-09,47.46,Medium
Delhi,2019-12-10,56.55,Medium
Delhi,2019-12-11,50.58,Medium
Delhi,2019-12-12,63.06,Medium
Delhi,2019-12-13,58.02,Medium
Delhi,2019-12-14,51.81,Medium
Delhi,2019-12-15,43.35,Medium
Delhi,2019-12-16,53.19,Medium
Delhi,2019-12-17,46.29,Medium
Delhi,2019-12-18,58.68,Medium
Delhi,2019-12-19,44.25,Medium
Delhi,2019-12-20,53.94,Medium
Delhi,2019-12-21,64.32,Medium
Delhi,2019-12-22,57.24,Medium
Delhi,2019-12-23,58.2,Medium
Delhi,2019-12-24,53.7,Medium
Delhi,2019-12-25,67.2,High
Delhi,2019-12-26,64.56,Medium
Delhi,2019-12-27,67.8,High
Delhi,2019-12-28,56.61,Medium
Delhi,2019-12-29,61.59,Medium
Delhi,2019-12-30,61.41,Medium
Delhi,2019-12-31,52.86,Medium
Delhi,2020-01-01,54.0,Medium
Delhi,2020-01-02,53.85,Medium
Delhi,2020-01-03,50.07,Medium
Delhi,2020-01-04,69.27,High
Delhi,2020-01-05,55.23,Medium
Delhi,2020-01-06,50.43,Medium
Delhi,2020-01-07,54.66,Medium
Delhi,2020-01-08,60.63,Medium
Delhi,2020-01-09,70.23,High
Delhi,2020-01-10,45.0,Medium
Delhi,2020-01-11,55.35,Medium
Delhi,2020-01-12,61.38,Medium
Delhi,2020-01-13,49.44,Medium
Delhi,2020-01-14,52.14,Medium
Delhi,2020-01-15,57.84,Medium
Delhi,2020-01-16,56.4,Medium
Delhi,2020-01-17,54.54,Medium
Delhi,2020-01-18,53.04,Medium
Delhi,2020-01-19,60.09,Medium
Delhi,2020-01-20,52.32,Medium
Delhi,2020-01-21,64.92,Medium
Delhi,2020-01-22,53.4,Medium
Delhi,2020-01-23,53.61,Medium
Delhi,2020-01-24,54.03,Medium
Delhi,2020-01-25,46.44,Medium
Delhi,2020-01-26,51.6,Medium
Delhi,2020-01-27,61.11,Medium
Delhi,2020-01-28,72.72,High
Delhi,2020-01-29,67.35,High
Delhi,2020-01-30,64.2,Medium
Delhi,2020-01-31,49.17,Medium
Delhi,2020-02-01,44.37,Medium
Delhi,2020-02-02,47.61,Medium
Delhi,2020-02-03,40.59,Medium
Delhi,2020-02-04,48.3,Medium
Delhi,2020-02-05,40.65,Medium
Delhi,2020-02-06,51.54,Medium
Delhi,2020-02-07,45.03,Medium
Delhi,2020-02-08,48.69,Medium
Delhi,2020-02-09,43.14,Medium
Delhi,2020-02-10,46.5,Medium
Delhi,2020-02-11,41.28,Medium
Delhi,2020-02-12,39.42,Medium
Delhi,2020-02-13,47.61,Medium
Delhi,2020-02-14,53.46,Medium
Delhi,2020-02-15,42.66,Medium
Delhi,2020-02-16,39.93,Medium
Delhi,2020-02-17,41.46,Medium
Delhi,2020-02-18,34.77,Low
Delhi,2020-02-19,41.67,Medium
Delhi,2020-02-20,35.67,Medium
Delhi,2020-02-21,37.08,Medium
Delhi,2020-02-22,33.6,Low
Delhi,2020-02-23,36.81,Medium
Delhi,2020-02-24,42.96,Medium
Delhi,2020-02-25,47.85,Medium
Delhi,2020-02-26,37.74,Medium
Delhi,2020-02-27,47.31,Medium
Delhi,2020-02-28,46.74,Medium
Delhi,2020-02-29,43.08,Medium
Delhi,2020-03-01,48.45,Medium
Delhi,2020-03-02,48.78,Medium
Delhi,2020-03-03,43.32,Medium
Delhi,2020-03-04,38.82,Medium
Delhi,2020-03-05,37.74,Medium
Delhi,2020-03-06,33.39,Low
Delhi,2020-03-07,40.8,Medium
Delhi,2020-03-08,41.49,Medium
Delhi,2020-03-09,48.27,Medium
Delhi,2020-03-10,37.5,Medium
Delhi,2020-03-11,43.74,Medium
Delhi,2020-03-12,42.93,Medium
Delhi,2020-03-13,34.8,Low
Delhi,2020-03-14,48.42,Medium
Delhi,2020-03-15,53.1,Medium
Delhi,2020-03-16,37.71,Medium
Delhi,2020-03-17,36.06,Medium
Delhi,2020-03-18,34.44,Low
Delhi,2020-03-19,35.31,Medium
Delhi,2020-03-20,36.0,Medium
Delhi,2020-03-21,45.87,Medium
Delhi,2020-03-22,35.01,Medium
Delhi,2020-03-23,52.47,Medium
Delhi,2020-03-24,50.91,Medium
Delhi,2020-03-25,49.71,Medium
Delhi,2020-03-26,51.63,Medium
Delhi,2020-03-27,45.48,Medium
Delhi,2020-03-28,41.13,Medium
Delhi,2020-03-29,40.02,Medium
Delhi,2020-03-30,50.73,Medium
Delhi,2020-03-31,46.59,Medium
Delhi,2020-04-01,40.08,Medium
Delhi,2020-04-02,24.55,Low
Delhi,2020-04-03,32.56,Low
Delhi,2020-04-04,45.6,Medium
Delhi,2020-04-05,39.36,Medium
Delhi,2020-04-06,33.3,Low
Delhi,2020-04-07,40.12,Medium
Delhi,2020-04-08,40.43,Medium
Delhi,2020-04-09,26.72,Low
Delhi,2020-04-10,34.11,Low
Delhi,2020-04-11,45.52,Medium
Delhi,2020-04-12,36.81,Medium
Delhi,2020-04-13,34.7,Low
Delhi,2020-04-14,35.45,Medium
Delhi,2020-04-15,25.31,Low
Delhi,2020-04-16,38.61,Medium
Delhi,2020-04-17,33.89,Low
Delhi,2020-04-18,35.41,Medium
Delhi,2020-04-19,34.44,Low
Delhi,2020-04-20,42.63,Medium
Delhi,2020-04-21,30.84,Low
Delhi,2020-04-22,28.63,Low
Delhi,2020-04-23,37.62,Medium
Delhi,2020-04-24,31.14,Low
Delhi,2020-04-25,29.88,Low
Delhi,2020-04-26,23.97,Low
Delhi,2020-04-27,28.54,Low
Delhi,2020-04-28,34.5,Low
Delhi,2020-04-29,28.39,Low
Delhi,2020-04-30,47.27,Medium
Delhi,2020-05-01,31.54,Low
Delhi,2020-05-02,39.18,Medium
Delhi,2020-05-03,40.56,Medium
Delhi,2020-05-04,36.92,Medium
Delhi,2020-05-05,37.86,Medium
Delhi,2020-05-06,41.75,Medium
Delhi,2020-05-07,36.28,Medium
Delhi,2020-05-08,43.97,Medium
Delhi,2020-05-09,30.74,Low
Delhi,2020-05-10,42.33,Medium
Delhi,2020-05-11,22.74,Low
Delhi,2020-05-12,33.17,Low
Delhi,2020-05-13,34.34,Low
Delhi,2020-05-14,37.4,Medium
Delhi,2020-05-15,44.17,Medium
Delhi,2020-05-16,33.63,Low
Delhi,2020-05-17,36.91,Medium
Delhi,2020-05-18,40.66,Medium
Delhi,2020-05-19,32.31,Low
Delhi,2020-05-20,31.7,Low
Delhi,2020-05-21,36.92,Medium
Delhi,2020-05-22,25.76,Low
Delhi,2020-05-23,36.31,Medium
Delhi,2020-05-24,49.04,Medium
Delhi,2020-05-25,33.75,Low
Delhi,2020-05-26,29.9,Low
Delhi,2020-05-27,36.44,Medium
Delhi,2020-05-28,27.93,Low
Delhi,2020-05-29,32.38,Low
Delhi,2020-05-30,39.98,Medium
Delhi,2020-05-31,37.02,Medium
Delhi,2020-06-01,42.13,Medium
Delhi,2020-06-02,39.23,Medium
Delhi,2020-06-03,31.36,Low
Delhi,2020-06-04,38.59,Medium
Delhi,2020-06-05,43.77,Medium
Delhi,2020-06-06,34.32,Low
Delhi,2020-06-07,37.83,Medium
Delhi,2020-06-08,39.2,Medium
Delhi,2020-06-09,40.56,Medium
Delhi,2020-06-10,30.78,Low
Delhi,2020-06-11,29.76,Low
Delhi,2020-06-12,24.66,Low
Delhi,2020-06-13,26.25,Low
Delhi,2020-06-14,36.88,Medium
Delhi,2020-06-15,30.4,Low
Delhi,2020-06-16,50.85,Medium
Delhi,2020-06-17,39.95,Medium
Delhi,2020-06-18,36.39,Medium
Delhi,2020-06-19,41.18,Medium
Delhi,2020-06-20,40.93,Medium
Delhi,2020-06-21,40.45,Medium
Delhi,2020-06-22,33.41,Low
Delhi,2020-06-23,40.42,Medium
Delhi,2020-06-24,30.34,Low
Delhi,2020-06-25,45.0,Medium
Delhi,2020-06-26,38.82,Medium
Delhi,2020-06-27,40.86,Medium
Delhi,2020-06-28,30.33,Low
Delhi,2020-06-29,35.69,Medium
Delhi,2020-06-30,36.21,Medium
Delhi,2020-07-01,23.22,Low
Delhi,2020-07-02,20.01,Low
Delhi,2020-07-03,28.92,Low
Delhi,2020-07-04,23.9,Low
Delhi,2020-07-05,21.42,Low
Delhi,2020-07-06,29.5,Low
Delhi,2020-07-07,30.69,Low
Delhi,2020-07-08,21.58,Low
Delhi,2020-07-09,26.34,Low
Delhi,2020-07-10,23.69,Low
Delhi,2020-07-11,26.16,Low
Delhi,2020-07-12,28.62,Low
Delhi,2020-07-13,26.55,Low
Delhi,2020-07-14,24.83,Low
Delhi,2020-07-15,27.63,Low
Delhi,2020-07-16,18.45,Low
Delhi,2020-07-17,17.13,Low
Delhi,2020-07-18,26.16,Low
Delhi,2020-07-19,20.79,Low
Delhi,2020-07-20,28.86,Low
Delhi,2020-07-21,29.17,Low
Delhi,2020-07-22,22.68,Low
Delhi,2020-07-23,28.53,Low
Delhi,2020-07-24,22.93,Low
Delhi,2020-07-25,27.42,Low
Delhi,2020-07-26,25.91,Low
Delhi,2020-07-27,27.69,Low
Delhi,2020-07-28,28.07,Low
Delhi,2020-07-29,26.07,Low
Delhi,2020-07-30,21.54,Low
Delhi,2020-07-31,20.04,Low
Delhi,2020-08-01,18.6,Low
Delhi,2020-08-02,29.13,Low
Delhi,2020-08-03,19.14,Low
Delhi,2020-08-04,25.48,Low
Delhi,2020-08-05,29.29,Low
Delhi,2020-08-06,19.53,Low
Delhi,2020-08-07,30.13,Low
Delhi,2020-08-08,27.39,Low
Delhi,2020-08-09,30.59,Low
Delhi,2020-08-10,18.65,Low
Delhi,2020-08-11,19.02,Low
Delhi,2020-08-12,30.98,Low
Delhi,2020-08-13,22.03,Low
Delhi,2020-08-14,25.96,Low
Delhi,2020-08-15,23.57,Low
Delhi,2020-08-16,22.2,Low
Delhi,2020-08-17,19.71,Low
Delhi,2020-08-18,24.18,Low
Delhi,2020-08-19,16.83,Low
Delhi,2020-08-20,22.97,Low
Delhi,2020-08-21,22.44,Low
Delhi,2020-08-22,24.35,Low
Delhi,2020-08-23,23.43,Low
Delhi,2020-08-24,23.37,Low
Delhi,2020-08-25,27.27,Low
Delhi,2020-08-26,29.26,Low
Delhi,2020-08-27,29.56,Low
Delhi,2020-08-28,27.36,Low
Delhi,2020-08-29,24.36,Low
Delhi,2020-08-30,21.01,Low
Delhi,2020-08-31,27.24,Low
Delhi,2020-09-01,26.84,Low
Delhi,2020-09-02,26.53,Low
Delhi,2020-09-03,26.13,Low
Delhi,2020-09-04,21.93,Low
Delhi,2020-09-05,24.33,Low
Delhi,2020-09-06,29.4,Low
Delhi,2020-09-07,21.48,Low
Delhi,2020-09-08,23.58,Low
Delhi,2020-09-09,16.62,Low
Delhi,2020-09-10,27.61,Low
Delhi,2020-09-11,23.86,Low
Delhi,2020-09-12,31.5,Low
Delhi,2020-09-13,22.68,Low
Delhi,2020-09-14,21.77,Low
Delhi,2020-09-15,21.45,Low
Delhi,2020-09-16,28.26,Low
Delhi,2020-09-17,26.85,Low
Delhi,2020-09-18,27.56,Low
Delhi,2020-09-19,27.59,Low
Delhi,2020-09-20,28.67,Low
Delhi,2020-09-21,22.93,Low
Delhi,2020-09-22,22.02,Low
Delhi,2020-09-23,27.45,Low
Delhi,2020-09-24,25.43,Low
Delhi,2020-09-25,21.42,Low
Delhi,2020-09-26,20.72,Low
Delhi,2020-09-27,25.14,Low
Delhi,2020-09-28,22.01,Low
Delhi,2020-09-29,21.3,Low
Delhi,2020-09-30,23.04,Low
Delhi,2020-10-01,33.18,Low
Delhi,2020-10-02,39.93,Medium
Delhi,2020-10-03,35.16,Medium
Delhi,2020-10-04,34.8,Low
Delhi,2020-10-05,54.15,Medium
Delhi,2020-10-06,46.35,Medium
Delhi,2020-10-07,47.37,Medium
Delhi,2020-10-08,38.58,Medium
Delhi,2020-10-09,47.85,Medium
Delhi,2020-10-10,46.02,Medium
Delhi,2020-10-11,48.9,Medium
Delhi,2020-10-12,35.16,Medium
Delhi,2020-10-13,50.7,Medium
Delhi,2020-10-14,47.4,Medium
Delhi,2020-10-15,51.0,Medium
Delhi,2020-10-16,54.27,Medium
Delhi,2020-10-17,52.59,Medium
Delhi,2020-10-18,50.4,Medium
Delhi,2020-10-19,38.28,Medium
Delhi,2020-10-20,44.25,Medium
Delhi,2020-10-21,40.77,Medium
Delhi,2020-10-22,47.49,Medium
Delhi,2020-10-23,40.35,Medium
Delhi,2020-10-24,35.73,Medium
Delhi,2020-10-25,52.65,Medium
Delhi,2020-10-26,48.87,Medium
Delhi,2020-10-27,37.5,Medium
Delhi,2020-10-28,46.92,Medium
Delhi,2020-10-29,47.25,Medium
Delhi,2020-10-30,43.11,Medium
Delhi,2020-10-31,39.51,Medium
Delhi,2020-11-01,46.2,Medium
Delhi,2020-11-02,47.31,Medium
Delhi,2020-11-03,46.14,Medium
Delhi,2020-11-04,52.47,Medium
Delhi,2020-11-05,54.12,Medium
Delhi,2020-11-06,64.74,Medium
Delhi,2020-11-07,67.11,High
Delhi,2020-11-08,53.34,Medium
Delhi,2020-11-09,58.26,Medium
Delhi,2020-11-10,71.22,High
Delhi,2020-11-11,48.12,Medium
Delhi,2020-11-12,61.62,Medium
Delhi,2020-11-13,71.79,High
Delhi,2020-11-14,67.05,High
Delhi,2020-11-15,53.19,Medium
Delhi,2020-11-16,62.55,Medium
Delhi,2020-11-17,60.87,Medium
Delhi,2020-11-18,63.75,Medium
Delhi,2020-11-19,52.83,Medium
Delhi,2020-11-20,49.65,Medium
Delhi,2020-11-21,65.85,High
Delhi,2020-11-22,65.52,High
Delhi,2020-11-23,64.56,Medium
Delhi,2020-11-24,71.46,High
Delhi,2020-11-25,62.07,Medium
Delhi,2020-11-26,65.04,High
Delhi,2020-11-27,47.91,Medium
Delhi,2020-11-28,55.56,Medium
Delhi,2020-11-29,70.74,High
Delhi,2020-11-30,65.97,High
Delhi,2020-12-01,64.92,Medium
Delhi,2020-12-02,55.65,Medium
Delhi,2020-12-03,47.67,Medium
Delhi,2020-12-04,50.4,Medium
Delhi,2020-12-05,62.1,Medium
Delhi,2020-12-06,68.43,High
Delhi,2020-12-07,46.5,Medium
Delhi,2020-12-08,56.13,Medium
Delhi,2020-12-09,49.47,Medium
Delhi,2020-12-10,44.64,Medium
Delhi,2020-12-11,68.7,High
Delhi,2020-12-12,52.62,Medium
Delhi,2020-12-13,49.95,Medium
Delhi,2020-12-14,55.26,Medium
Delhi,2020-12-15,58.95,Medium
Delhi,2020-12-16,65.43,High
Delhi,2020-12-17,64.53,Medium
Delhi,2020-12-18,66.27,High
Delhi,2020-12-19,53.1,Medium
Delhi,2020-12-20,60.51,Medium
Delhi,2020-12-21,47.94,Medium
Delhi,2020-12-22,52.17,Medium
Delhi,2020-12-23,45.69,Medium
Delhi,2020-12-24,59.01,Medium
Delhi,2020-12-25,58.11,Medium
Delhi,2020-12-26,66.84,High
Delhi,2020-12-27,44.43,Medium
Delhi,2020-12-28,45.66,Medium
Delhi,2020-12-29,70.59,High
Delhi,2020-12-30,68.19,High
Delhi,2020-12-31,64.44,Medium
Delhi,2021-01-01,58.83,Medium
Delhi,2021-01-02,51.42,Medium
Delhi,2021-01-03,55.14,Medium
Delhi,2021-01-04,69.0,High
Delhi,2021-01-05,45.21,Medium
Delhi,2021-01-06,69.84,High
Delhi,2021-01-07,69.06,High
Delhi,2021-01-08,49.14,Medium
Delhi,2021-01-09,54.48,Medium
Delhi,2021-01-10,66.3,High
Delhi,2021-01-11,57.06,Medium
Delhi,2021-01-12,49.62,Medium
Delhi,2021-01-13,52.5,Medium
Delhi,2021-01-14,67.35,High
Delhi,2021-01-15,72.27,High
Delhi,2021-01-16,58.17,Medium
Delhi,2021-01-17,46.86,Medium
Delhi,2021-01-18,61.11,Medium
Delhi,2021-01-19,55.35,Medium
Delhi,2021-01-20,58.86,Medium
Delhi,2021-01-21,55.77,Medium
Delhi,2021-01-22,51.24,Medium
Delhi,2021-01-23,59.85,Medium
Delhi,2021-01-24,53.73,Medium
Delhi,2021-01-25,51.21,Medium
Delhi,2021-01-26,63.06,Medium
Delhi,2021-01-27,49.59,Medium
Delhi,2021-01-28,51.21,Medium
Delhi,2021-01-29,51.72,Medium
Delhi,2021-01-30,57.3,Medium
Delhi,2021-01-31,65.4,High
Delhi,2021-02-01,41.19,Medium
Delhi,2021-02-02,42.54,Medium
Delhi,2021-02-03,47.16,Medium
Delhi,2021-02-04,45.78,Medium
Delhi,2021-02-05,45.81,Medium
Delhi,2021-02-06,45.93,Medium
Delhi,2021-02-07,44.58,Medium
Delhi,2021-02-08,44.67,Medium
Delhi,2021-02-09,48.6,Medium
Delhi,2021-02-10,36.6,Medium
Delhi,2021-02-11,51.3,Medium
Delhi,2021-02-12,38.04,Medium
Delhi,2021-02-13,41.25,Medium
Delhi,2021-02-14,33.36,Low
Delhi,2021-02-15,51.06,Medium
Delhi,2021-02-16,41.79,Medium
Delhi,2021-02-17,43.38,Medium
Delhi,2021-02-18,40.71,Medium
Delhi,2021-02-19,52.41,Medium
Delhi,2021-02-20,36.99,Medium
Delhi,2021-02-21,44.94,Medium
Delhi,2021-02-22,43.38,Medium
Delhi,2021-02-23,35.97,Medium
Delhi,2021-02-24,38.4,Medium
Delhi,2021-02-25,48.09,Medium
Delhi,2021-02-26,47.19,Medium
Delhi,2021-02-27,48.75,Medium
Delhi,2021-02-28,34.47,Low
Delhi,2021-03-01,49.53,Medium
Delhi,2021-03-02,36.45,Medium
Delhi,2021-03-03,39.66,Medium
Delhi,2021-03-04,47.52,Medium
Delhi,2021-03-05,55.2,Medium
Delhi,2021-03-06,40.68,Medium
Delhi,2021-03-07,35.07,Medium
Delhi,2021-03-08,52.17,Medium
Delhi,2021-03-09,50.73,Medium
Delhi,2021-03-10,34.32,Low
Delhi,2021-03-11,44.7,Medium
Delhi,2021-03-12,44.37,Medium
Delhi,2021-03-13,42.84,Medium
Delhi,2021-03-14,40.71,Medium
Delhi,2021-03-15,38.76,Medium
Delhi,2021-03-16,35.43,Medium
Delhi,2021-03-17,44.61,Medium
Delhi,2021-03-18,39.36,Medium
Delhi,2021-03-19,49.56,Medium
Delhi,2021-03-20,35.85,Medium
Delhi,2021-03-21,50.16,Medium
Delhi,2021-03-22,35.49,Medium
Delhi,2021-03-23,34.98,Low
Delhi,2021-03-24,40.59,Medium
Delhi,2021-03-25,44.28,Medium
Delhi,2021-03-26,39.03,Medium
Delhi,2021-03-27,39.42,Medium
Delhi,2021-03-28,38.82,Medium
Delhi,2021-03-29,41.46,Medium
Delhi,2021-03-30,40.11,Medium
Delhi,2021-03-31,33.48,Low
Delhi,2021-04-01,29.64,Low
Delhi,2021-04-02,41.88,Medium
Delhi,2021-04-03,27.6,Low
Delhi,2021-04-04,32.75,Low
Delhi,2021-04-05,39.03,Medium
Delhi,2021-04-06,28.38,Low
Delhi,2021-04-07,28.11,Low
Delhi,2021-04-08,36.85,Medium
Delhi,2021-04-09,35.39,Medium
Delhi,2021-04-10,41.61,Medium
Delhi,2021-04-11,35.66,Medium
Delhi,2021-04-12,26.05,Low
Delhi,2021-04-13,31.86,Low
Delhi,2021-04-14,34.24,Low
Delhi,2021-04-15,26.73,Low
Delhi,2021-04-16,35.37,Medium
Delhi,2021-04-17,36.27,Medium
Delhi,2021-04-18,35.94,Medium
Delhi,2021-04-19,33.31,Low
Delhi,2021-04-20,35.42,Medium
Delhi,2021-04-21,30.48,Low
Delhi,2021-04-22,45.91,Medium
Delhi,2021-04-23,47.93,Medium
Delhi,2021-04-24,45.18,Medium
Delhi,2021-04-25,43.71,Medium
Delhi,2021-04-26,37.67,Medium
Delhi,2021-04-27,35.57,Medium
Delhi,2021-04-28,42.87,Medium
Delhi,2021-04-29,47.61,Medium
Delhi,2021-04-30,30.96,Low
Delhi,2021-05-01,33.11,Low
Delhi,2021-05-02,32.85,Low
Delhi,2021-05-03,33.09,Low
Delhi,2021-05-04,36.87,Medium
Delhi,2021-05-05,29.92,Low
Delhi,2021-05-06,37.6,Medium
Delhi,2021-05-07,40.11,Medium
Delhi,2021-05-08,44.96,Medium
Delhi,2021-05-09,34.36,Low
Delhi,2021-05-10,38.67,Medium
Delhi,2021-05-11,38.34,Medium
Delhi,2021-05-12,41.24,Medium
Delhi,2021-05-13,28.09,Low
Delhi,2021-05-14,37.02,Medium
Delhi,2021-05-15,24.75,Low
Delhi,2021-05-16,32.06,Low
Delhi,2021-05-17,35.26,Medium
Delhi,2021-05-18,44.87,Medium
Delhi,2021-05-19,37.04,Medium
Delhi,2021-05-20,41.73,Medium
Delhi,2021-05-21,34.58,Low
Delhi,2021-05-22,31.57,Low
Delhi,2021-05-23,41.6,Medium
Delhi,2021-05-24,29.85,Low
Delhi,2021-05-25,28.11,Low
Delhi,2021-05-26,37.2,Medium
Delhi,2021-05-27,33.06,Low
Delhi,2021-05-28,32.65,Low
Delhi,2021-05-29,28.29,Low
Delhi,2021-05-30,37.25,Medium
Delhi,2021-05-31,29.87,Low
Delhi,2021-06-01,40.26,Medium
Delhi,2021-06-02,32.2,Low
Delhi,2021-06-03,29.58,Low
Delhi,2021-06-04,39.08,Medium
Delhi,2021-06-05,28.68,Low
Delhi,2021-06-06,38.26,Medium
Delhi,2021-06-07,37.29,Medium
Delhi,2021-06-08,31.89,Low
Delhi,2021-06-09,44.21,Medium
Delhi,2021-06-10,39.81,Medium
Delhi,2021-06-11,45.7,Medium
Delhi,2021-06-12,30.84,Low
Delhi,2021-06-13,35.22,Medium
Delhi,2021-06-14,45.85,Medium
Delhi,2021-06-15,32.28,Low
Delhi,2021-06-16,29.5,Low
Delhi,2021-06-17,29.1,Low
Delhi,2021-06-18,28.14,Low
Delhi,2021-06-19,27.91,Low
Delhi,2021-06-20,35.31,Medium
Delhi,2021-06-21,29.45,Low
Delhi,2021-06-22,34.17,Low
Delhi,2021-06-23,32.48,Low
Delhi,2021-06-24,41.39,Medium
Delhi,2021-06-25,40.03,Medium
Delhi,2021-06-26,32.21,Low
Delhi,2021-06-27,33.79,Low
Delhi,2021-06-28,44.98,Medium
Delhi,2021-06-29,26.44,Low
Delhi,2021-06-30,39.29,Medium
Delhi,2021-07-01,20.27,Low
Delhi,2021-07-02,26.64,Low
Delhi,2021-07-03,20.55,Low
Delhi,2021-07-04,26.96,Low
Delhi,2021-07-05,21.66,Low
Delhi,2021-07-06,28.14,Low
Delhi,2021-07-07,20.62,Low
Delhi,2021-07-08,21.55,Low
Delhi,2021-07-09,28.07,Low
Delhi,2021-07-10,19.86,Low
Delhi,2021-07-11,18.12,Low
Delhi,2021-07-12,18.42,Low
Delhi,2021-07-13,25.83,Low
Delhi,2021-07-14,19.92,Low
Delhi,2021-07-15,24.98,Low
Delhi,2021-07-16,21.14,Low
Delhi,2021-07-17,25.56,Low
Delhi,2021-07-18,22.14,Low
Delhi,2021-07-19,25.25,Low
Delhi,2021-07-20,25.57,Low
Delhi,2021-07-21,24.13,Low
Delhi,2021-07-22,30.99,Low
Delhi,2021-07-23,28.68,Low
Delhi,2021-07-24,22.25,Low
Delhi,2021-07-25,24.21,Low
Delhi,2021-07-26,24.65,Low
Delhi,2021-07-27,26.73,Low
Delhi,2021-07-28,26.61,Low
Delhi,2021-07-29,25.14,Low
Delhi,2021-07-30,32.88,Low
Delhi,2021-07-31,27.6,Low
Delhi,2021-08-01,27.51,Low
Delhi,2021-08-02,25.11,Low
Delhi,2021-08-03,26.49,Low
Delhi,2021-08-04,23.19,Low
Delhi,2021-08-05,27.45,Low
Delhi,2021-08-06,20.01,Low
Delhi,2021-08-07,24.47,Low
Delhi,2021-08-08,17.14,Low
Delhi,2021-08-09,27.3,Low
Delhi,2021-08-10,28.44,Low
Delhi,2021-08-11,19.23,Low
Delhi,2021-08-12,26.16,Low
Delhi,2021-08-13,25.62,Low
Delhi,2021-08-14,27.82,Low
Delhi,2021-08-15,22.14,Low
Delhi,2021-08-16,22.42,Low
Delhi,2021-08-17,26.37,Low
Delhi,2021-08-18,20.91,Low
Delhi,2021-08-19,23.51,Low
Delhi,2021-08-20,20.73,Low
Delhi,2021-08-21,24.66,Low
Delhi,2021-08-22,26.09,Low
Delhi,2021-08-23,30.06,Low
Delhi,2021-08-24,20.34,Low
Delhi,2021-08-25,24.12,Low
Delhi,2021-08-26,21.49,Low
Delhi,2021-08-27,22.74,Low
Delhi,2021-08-28,23.13,Low
Delhi,2021-08-29,18.57,Low
Delhi,2021-08-30,21.21,Low
Delhi,2021-08-31,27.07,Low
Delhi,2021-09-01,20.31,Low
Delhi,2021-09-02,25.89,Low
Delhi,2021-09-03,24.75,Low
Delhi,2021-09-04,24.37,Low
Delhi,2021-09-05,21.32,Low
Delhi,2021-09-06,19.39,Low
Delhi,2021-09-07,29.4,Low
Delhi,2021-09-08,22.32,Low
Delhi,2021-09-09,25.49,Low
Delhi,2021-09-10,29.35,Low
Delhi,2021-09-11,19.68,Low
Delhi,2021-09-12,30.65,Low
Delhi,2021-09-13,32.27,Low
Delhi,2021-09-14,25.57,Low
Delhi,2021-09-15,25.1,Low
Delhi,2021-09-16,17.64,Low
Delhi,2021-09-17,25.86,Low
Delhi,2021-09-18,25.89,Low
Delhi,2021-09-19,26.34,Low
Delhi,2021-09-20,19.17,Low
Delhi,2021-09-21,27.78,Low
Delhi,2021-09-22,26.3,Low
Delhi,2021-09-23,25.07,Low
Delhi,2021-09-24,31.11,Low
Delhi,2021-09-25,22.14,Low
Delhi,2021-09-26,23.67,Low
Delhi,2021-09-27,25.92,Low
Delhi,2021-09-28,25.77,Low
Delhi,2021-09-29,19.42,Low
Delhi,2021-09-30,21.09,Low
Delhi,2021-10-01,42.93,Medium
Delhi,2021-10-02,38.58,Medium
Delhi,2021-10-03,54.18,Medium
Delhi,2021-10-04,36.39,Medium
Delhi,2021-10-05,37.14,Medium
Delhi,2021-10-06,49.95,Medium
Delhi,2021-10-07,36.78,Medium
Delhi,2021-10-08,44.52,Medium
Delhi,2021-10-09,49.26,Medium
Delhi,2021-10-10,36.69,Medium
Delhi,2021-10-11,54.33,Medium
Delhi,2021-10-12,39.0,Medium
Delhi,2021-10-13,43.11,Medium
Delhi,2021-10-14,43.98,Medium
Delhi,2021-10-15,38.1,Medium
Delhi,2021-10-16,43.35,Medium
Delhi,2021-10-17,39.42,Medium
Delhi,2021-10-18,30.51,Low
Delhi,2021-10-19,38.01,Medium
Delhi,2021-10-20,34.98,Low
Delhi,2021-10-21,49.68,Medium
Delhi,2021-10-22,33.27,Low
Delhi,2021-10-23,49.65,Medium
Delhi,2021-10-24,41.67,Medium
Delhi,2021-10-25,48.84,Medium
Delhi,2021-10-26,44.4,Medium
Delhi,2021-10-27,40.86,Medium
Delhi,2021-10-28,48.87,Medium
Delhi,2021-10-29,49.2,Medium
Delhi,2021-10-30,44.28,Medium
Delhi,2021-10-31,40.5,Medium
Delhi,2021-11-01,56.67,Medium
Delhi,2021-11-02,63.99,Medium
Delhi,2021-11-03,57.78,Medium
Delhi,2021-11-04,57.3,Medium
Delhi,2021-11-05,56.49,Medium
Delhi,2021-11-06,57.57,Medium
Delhi,2021-11-07,54.96,Medium
Delhi,2021-11-08,55.08,Medium
Delhi,2021-11-09,67.62,High
Delhi,2021-11-10,45.99,Medium
Delhi,2021-11-11,53.94,Medium
Delhi,2021-11-12,62.22,Medium
Delhi,2021-11-13,47.01,Medium
Delhi,2021-11-14,66.51,High
Delhi,2021-11-15,56.49,Medium
Delhi,2021-11-16,52.08,Medium
Delhi,2021-11-17,68.1,High
Delhi,2021-11-18,50.88,Medium
Delhi,2021-11-19,50.16,Medium
Delhi,2021-11-20,46.29,Medium
Delhi,2021-11-21,65.7,High
Delhi,2021-11-22,46.23,Medium
Delhi,2021-11-23,57.48,Medium
Delhi,2021-11-24,49.71,Medium
Delhi,2021-11-25,70.02,High
Delhi,2021-11-26,66.51,High
Delhi,2021-11-27,66.0,High
Delhi,2021-11-28,47.28,Medium
Delhi,2021-11-29,51.99,Medium
Delhi,2021-11-30,47.55,Medium
Delhi,2021-12-01,49.08,Medium
Delhi,2021-12-02,63.87,Medium
Delhi,2021-12-03,55.83,Medium
Delhi,2021-12-04,46.2,Medium
Delhi,2021-12-05,69.15,High
Delhi,2021-12-06,63.09,Medium
Delhi,2021-12-07,45.54,Medium
Delhi,2021-12-08,66.09,High
Delhi,2021-12-09,49.08,Medium
Delhi,2021-12-10,50.85,Medium
Delhi,2021-12-11,47.58,Medium
Delhi,2021-12-12,56.55,Medium
Delhi,2021-12-13,63.51,Medium
Delhi,2021-12-14,59.94,Medium
Delhi,2021-12-15,65.4,High
Delhi,2021-12-16,48.15,Medium
Delhi,2021-12-17,44.82,Medium
Delhi,2021-12-18,44.88,Medium
Delhi,2021-12-19,53.43,Medium
Delhi,2021-12-20,61.89,Medium
Delhi,2021-12-21,51.66,Medium
Delhi,2021-12-22,55.17,Medium
Delhi,2021-12-23,65.82,High
Delhi,2021-12-24,64.77,Medium
Delhi,2021-12-25,65.1,High
Delhi,2021-12-26,71.91,High
Delhi,2021-12-27,51.66,Medium
Delhi,2021-12-28,59.4,Medium
Delhi,2021-12-29,57.3,Medium
Delhi,2021-12-30,56.07,Medium
Delhi,2021-12-31,52.14,Medium
Delhi,2022-01-01,58.14,Medium
Delhi,2022-01-02,47.19,Medium
Delhi,2022-01-03,65.49,High
Delhi,2022-01-04,57.15,Medium
Delhi,2022-01-05,55.5,Medium
Delhi,2022-01-06,42.87,Medium
Delhi,2022-01-07,55.89,Medium
Delhi,2022-01-08,61.74,Medium
Delhi,2022-01-09,52.35,Medium
Delhi,2022-01-10,50.01,Medium
Delhi,2022-01-11,67.14,High
Delhi,2022-01-12,57.24,Medium
Delhi,2022-01-13,57.48,Medium
Delhi,2022-01-14,71.04,High
Delhi,2022-01-15,57.72,Medium
Delhi,2022-01-16,55.41,Medium
Delhi,2022-01-17,68.7,High
Delhi,2022-01-18,62.22,Medium
Delhi,2022-01-19,54.3,Medium
Delhi,2022-01-20,58.53,Medium
Delhi,2022-01-21,62.13,Medium
Delhi,2022-01-22,47.97,Medium
Delhi,2022-01-23,64.74,Medium
Delhi,2022-01-24,66.03,High
Delhi,2022-01-25,48.99,Medium
Delhi,2022-01-26,57.21,Medium
Delhi,2022-01-27,56.4,Medium
Delhi,2022-01-28,44.94,Medium
Delhi,2022-01-29,53.52,Medium
Delhi,2022-01-30,64.38,Medium
Delhi,2022-01-31,63.36,Medium
Delhi,2022-02-01,37.89,Medium
Delhi,2022-02-02,38.88,Medium
Delhi,2022-02-03,46.35,Medium
Delhi,2022-02-04,48.66,Medium
Delhi,2022-02-05,34.71,Low
Delhi,2022-02-06,52.29,Medium
Delhi,2022-02-07,44.49,Medium
Delhi,2022-02-08,42.51,Medium
Delhi,2022-02-09,43.2,Medium
Delhi,2022-02-10,44.88,Medium
Delhi,2022-02-11,50.52,Medium
Delhi,2022-02-12,37.26,Medium
Delhi,2022-02-13,44.25,Medium
Delhi,2022-02-14,49.2,Medium
Delhi,2022-02-15,41.31,Medium
Delhi,2022-02-16,52.02,Medium
Delhi,2022-02-17,51.24,Medium
Delhi,2022-02-18,39.42,Medium
Delhi,2022-02-19,36.3,Medium
Delhi,2022-02-20,49.89,Medium
Delhi,2022-02-21,40.62,Medium
Delhi,2022-02-22,45.21,Medium
Delhi,2022-02-23,36.51,Medium
Delhi,2022-02-24,44.58,Medium
Delhi,2022-02-25,35.25,Medium
Delhi,2022-02-26,39.33,Medium
Delhi,2022-02-27,37.11,Medium
Delhi,2022-02-28,47.43,Medium
Delhi,2022-03-01,45.69,Medium
Delhi,2022-03-02,38.04,Medium
Delhi,2022-03-03,38.88,Medium
Delhi,2022-03-04,53.19,Medium
Delhi,2022-03-05,37.59,Medium
Delhi,2022-03-06,40.59,Medium
Delhi,2022-03-07,51.12,Medium
Delhi,2022-03-08,52.62,Medium
Delhi,2022-03-09,37.02,Medium
Delhi,2022-03-10,42.0,Medium
Delhi,2022-03-11,37.83,Medium
Delhi,2022-03-12,46.08,Medium
Delhi,2022-03-13,54.87,Medium
Delhi,2022-03-14,36.99,Medium
Delhi,2022-03-15,43.44,Medium
Delhi,2022-03-16,34.11,Low
Delhi,2022-03-17,45.03,Medium
Delhi,2022-03-18,47.43,Medium
Delhi,2022-03-19,36.12,Medium
Delhi,2022-03-20,35.04,Medium
Delhi,2022-03-21,35.61,Medium
Delhi,2022-03-22,44.88,Medium
Delhi,2022-03-23,42.6,Medium
Delhi,2022-03-24,47.58,Medium
Delhi,2022-03-25,41.58,Medium
Delhi,2022-03-26,44.58,Medium
Delhi,2022-03-27,35.1,Medium
Delhi,2022-03-28,33.72,Low
Delhi,2022-03-29,49.8,Medium
Delhi,2022-03-30,39.6,Medium
Delhi,2022-03-31,44.58,Medium
Delhi,2022-04-01,36.27,Medium
Delhi,2022-04-02,30.87,Low
Delhi,2022-04-03,34.38,Low
Delhi,2022-04-04,34.84,Low
Delhi,2022-04-05,43.91,Medium
Delhi,2022-04-06,38.51,Medium
Delhi,2022-04-07,32.79,Low
Delhi,2022-04-08,49.38,Medium
Delhi,2022-04-09,34.41,Low
Delhi,2022-04-10,36.55,Medium
Delhi,2022-04-11,40.05,Medium
Delhi,2022-04-12,27.33,Low
Delhi,2022-04-13,42.3,Medium
Delhi,2022-04-14,36.99,Medium
Delhi,2022-04-15,22.74,Low
Delhi,2022-04-16,43.39,Medium
Delhi,2022-04-17,45.52,Medium
Delhi,2022-04-18,28.31,Low
Delhi,2022-04-19,35.29,Medium
Delhi,2022-04-20,27.12,Low
Delhi,2022-04-21,41.54,Medium
Delhi,2022-04-22,30.39,Low
Delhi,2022-04-23,36.83,Medium
Delhi,2022-04-24,35.76,Medium
Delhi,2022-04-25,28.07,Low
Delhi,2022-04-26,33.15,Low
Delhi,2022-04-27,38.6,Medium
Delhi,2022-04-28,26.22,Low
Delhi,2022-04-29,28.45,Low
Delhi,2022-04-30,42.86,Medium
Delhi,2022-05-01,44.42,Medium
Delhi,2022-05-02,36.2,Medium
Delhi,2022-05-03,25.1,Low
Delhi,2022-05-04,33.15,Low
Delhi,2022-05-05,46.68,Medium
Delhi,2022-05-06,35.43,Medium
Delhi,2022-05-07,39.67,Medium
Delhi,2022-05-08,43.8,Medium
Delhi,2022-05-09,30.2,Low
Delhi,2022-05-10,31.17,Low
Delhi,2022-05-11,45.0,Medium
Delhi,2022-05-12,43.3,Medium
Delhi,2022-05-13,36.65,Medium
Delhi,2022-05-14,24.54,Low
Delhi,2022-05-15,48.12,Medium
Delhi,2022-05-16,37.75,Medium
Delhi,2022-05-17,40.83,Medium
Delhi,2022-05-18,35.05,Medium
Delhi,2022-05-19,34.87,Low
Delhi,2022-05-20,37.63,Medium
Delhi,2022-05-21,35.52,Medium
Delhi,2022-05-22,46.46,Medium
Delhi,2022-05-23,38.31,Medium
Delhi,2022-05-24,39.52,Medium
Delhi,2022-05-25,43.42,Medium
Delhi,2022-05-26,34.58,Low
Delhi,2022-05-27,36.0,Medium
Delhi,2022-05-28,43.58,Medium
Delhi,2022-05-29,31.85,Low
Delhi,2022-05-30,42.71,Medium
Delhi,2022-05-31,31.24,Low
Delhi,2022-06-01,43.56,Medium
Delhi,2022-06-02,38.59,Medium
Delhi,2022-06-03,35.13,Medium
Delhi,2022-06-04,31.32,Low
Delhi,2022-06-05,38.89,Medium
Delhi,2022-06-06,38.66,Medium
Delhi,2022-06-07,31.23,Low
Delhi,2022-06-08,36.33,Medium
Delhi,2022-06-09,41.17,Medium
Delhi,2022-06-10,31.95,Low
Delhi,2022-06-11,38.3,Medium
Delhi,2022-06-12,30.6,Low
Delhi,2022-06-13,35.41,Medium
Delhi,2022-06-14,34.96,Low
Delhi,2022-06-15,29.36,Low
Delhi,2022-06-16,35.44,Medium
Delhi,2022-06-17,38.23,Medium
Delhi,2022-06-18,35.66,Medium
Delhi,2022-06-19,34.35,Low
Delhi,2022-06-20,25.66,Low
Delhi,2022-06-21,34.11,Low
Delhi,2022-06-22,39.05,Medium
Delhi,2022-06-23,38.67,Medium
Delhi,2022-06-24,26.36,Low
Delhi,2022-06-25,42.6,Medium
Delhi,2022-06-26,48.09,Medium
Delhi,2022-06-27,27.21,Low
Delhi,2022-06-28,33.66,Low
Delhi,2022-06-29,41.7,Medium
Delhi,2022-06-30,28.89,Low
Delhi,2022-07-01,26.52,Low
Delhi,2022-07-02,28.3,Low
Delhi,2022-07-03,21.96,Low
Delhi,2022-07-04,28.48,Low
Delhi,2022-07-05,27.09,Low
Delhi,2022-07-06,27.46,Low
Delhi,2022-07-07,22.81,Low
Delhi,2022-07-08,26.01,Low
Delhi,2022-07-09,19.07,Low
Delhi,2022-07-10,31.56,Low
Delhi,2022-07-11,28.74,Low
Delhi,2022-07-12,20.0,Low
Delhi,2022-07-13,19.98,Low
Delhi,2022-07-14,20.98,Low
Delhi,2022-07-15,28.74,Low
Delhi,2022-07-16,20.79,Low
Delhi,2022-07-17,26.61,Low
Delhi,2022-07-18,31.05,Low
Delhi,2022-07-19,28.67,Low
Delhi,2022-07-20,26.96,Low
Delhi,2022-07-21,21.28,Low
Delhi,2022-07-22,26.04,Low
Delhi,2022-07-23,22.58,Low
Delhi,2022-07-24,28.34,Low
Delhi,2022-07-25,16.26,Low
Delhi,2022-07-26,25.38,Low
Delhi,2022-07-27,27.33,Low
Delhi,2022-07-28,27.57,Low
Delhi,2022-07-29,28.32,Low
Delhi,2022-07-30,23.73,Low
Delhi,2022-07-31,25.29,Low
Delhi,2022-08-01,20.54,Low
Delhi,2022-08-02,27.21,Low
Delhi,2022-08-03,18.21,Low
Delhi,2022-08-04,27.59,Low
Delhi,2022-08-05,26.45,Low
Delhi,2022-08-06,30.39,Low
Delhi,2022-08-07,19.79,Low
Delhi,2022-08-08,17.34,Low
Delhi,2022-08-09,22.26,Low
Delhi,2022-08-10,28.65,Low
Delhi,2022-08-11,16.47,Low
Delhi,2022-08-12,19.38,Low
Delhi,2022-08-13,26.09,Low
Delhi,2022-08-14,15.3,Low
Delhi,2022-08-15,21.88,Low
Delhi,2022-08-16,25.43,Low
Delhi,2022-08-17,23.73,Low
Delhi,2022-08-18,16.59,Low
Delhi,2022-08-19,28.23,Low
Delhi,2022-08-20,24.36,Low
Delhi,2022-08-21,30.15,Low
Delhi,2022-08-22,29.9,Low
Delhi,2022-08-23,31.41,Low
Delhi,2022-08-24,19.11,Low
Delhi,2022-08-25,16.7,Low
Delhi,2022-08-26,25.85,Low
Delhi,2022-08-27,20.26,Low
Delhi,2022-08-28,21.11,Low
Delhi,2022-08-29,27.02,Low
Delhi,2022-08-30,28.17,Low
Delhi,2022-08-31,23.55,Low
Delhi,2022-09-01,21.24,Low
Delhi,2022-09-02,19.92,Low
Delhi,2022-09-03,16.89,Low
Delhi,2022-09-04,28.32,Low
Delhi,2022-09-05,16.77,Low
Delhi,2022-09-06,23.52,Low
Delhi,2022-09-07,27.27,Low
Delhi,2022-09-08,23.4,Low
Delhi,2022-09-09,31.2,Low
Delhi,2022-09-10,31.23,Low
Delhi,2022-09-11,26.98,Low
Delhi,2022-09-12,22.32,Low
Delhi,2022-09-13,30.02,Low
Delhi,2022-09-14,21.88,Low
Delhi,2022-09-15,26.79,Low
Delhi,2022-09-16,17.46,Low
Delhi,2022-09-17,30.66,Low
Delhi,2022-09-18,24.54,Low
Delhi,2022-09-19,25.85,Low
Delhi,2022-09-20,21.93,Low
Delhi,2022-09-21,22.26,Low
Delhi,2022-09-22,24.46,Low
Delhi,2022-09-23,22.29,Low
Delhi,2022-09-24,29.75,Low
Delhi,2022-09-25,28.47,Low
Delhi,2022-09-26,31.87,Low
Delhi,2022-09-27,27.42,Low
Delhi,2022-09-28,23.04,Low
Delhi,2022-09-29,21.87,Low
Delhi,2022-09-30,26.7,Low
Delhi,2022-10-01,36.84,Medium
Delhi,2022-10-02,43.92,Medium
Delhi,2022-10-03,40.68,Medium
Delhi,2022-10-04,42.39,Medium
Delhi,2022-10-05,49.26,Medium
Delhi,2022-10-06,46.08,Medium
Delhi,2022-10-07,48.06,Medium
Delhi,2022-10-08,41.73,Medium
Delhi,2022-10-09,36.84,Medium
Delhi,2022-10-10,37.92,Medium
Delhi,2022-10-11,37.65,Medium
Delhi,2022-10-12,36.84,Medium
Delhi,2022-10-13,37.35,Medium
Delhi,2022-10-14,37.11,Medium
Delhi,2022-10-15,47.85,Medium
Delhi,2022-10-16,45.6,Medium
Delhi,2022-10-17,47.19,Medium
Delhi,2022-10-18,53.34,Medium
Delhi,2022-10-19,47.82,Medium
Delhi,2022-10-20,45.12,Medium
Delhi,2022-10-21,36.78,Medium
Delhi,2022-10-22,33.15,Low
Delhi,2022-10-23,50.7,Medium
Delhi,2022-10-24,35.22,Medium
Delhi,2022-10-25,39.33,Medium
Delhi,2022-10-26,46.26,Medium
Delhi,2022-10-27,48.42,Medium
Delhi,2022-10-28,38.97,Medium
Delhi,2022-10-29,39.18,Medium
Delhi,2022-10-30,44.88,Medium
Delhi,2022-10-31,50.25,Medium
Delhi,2022-11-01,47.43,Medium
Delhi,2022-11-02,48.39,Medium
Delhi,2022-11-03,51.06,Medium
Delhi,2022-11-04,70.53,High
Delhi,2022-11-05,50.34,Medium
Delhi,2022-11-06,50.58,Medium
Delhi,2022-11-07,57.51,Medium
Delhi,2022-11-08,69.48,High
Delhi,2022-11-09,59.73,Medium
Delhi,2022-11-10,60.75,Medium
Delhi,2022-11-11,64.59,Medium
Delhi,2022-11-12,55.47,Medium
Delhi,2022-11-13,44.22,Medium
Delhi,2022-11-14,48.21,Medium
Delhi,2022-11-15,69.21,High
Delhi,2022-11-16,49.86,Medium
Delhi,2022-11-17,53.55,Medium
Delhi,2022-11-18,61.8,Medium
Delhi,2022-11-19,42.99,Medium
Delhi,2022-11-20,48.12,Medium
Delhi,2022-11-21,63.24,Medium
Delhi,2022-11-22,69.3,High
Delhi,2022-11-23,51.75,Medium
Delhi,2022-11-24,56.76,Medium
Delhi,2022-11-25,46.53,Medium
Delhi,2022-11-26,46.14,Medium
Delhi,2022-11-27,58.47,Medium
Delhi,2022-11-28,65.61,High
Delhi,2022-11-29,51.36,Medium
Delhi,2022-11-30,53.94,Medium
Delhi,2022-12-01,59.79,Medium
Delhi,2022-12-02,50.73,Medium
Delhi,2022-12-03,59.7,Medium
Delhi,2022-12-04,65.7,High
Delhi,2022-12-05,68.28,High
Delhi,2022-12-06,57.36,Medium
Delhi,2022-12-07,53.13,Medium
Delhi,2022-12-08,68.4,High
Delhi,2022-12-09,48.75,Medium
Delhi,2022-12-10,49.68,Medium
Delhi,2022-12-11,58.74,Medium
Delhi,2022-12-12,69.6,High
Delhi,2022-12-13,59.49,Medium
Delhi,2022-12-14,46.56,Medium
Delhi,2022-12-15,64.86,Medium
Delhi,2022-12-16,67.74,High
Delhi,2022-12-17,71.76,High
Delhi,2022-12-18,59.31,Medium
Delhi,2022-12-19,57.96,Medium
Delhi,2022-12-20,56.79,Medium
Delhi,2022-12-21,55.68,Medium
Delhi,2022-12-22,57.63,Medium
Delhi,2022-12-23,52.23,Medium
Delhi,2022-12-24,68.34,High
Delhi,2022-12-25,61.05,Medium
Delhi,2022-12-26,48.27,Medium
Delhi,2022-12-27,55.86,Medium
Delhi,2022-12-28,55.56,Medium
Delhi,2022-12-29,70.17,High
Delhi,2022-12-30,72.3,High
Delhi,2022-12-31,65.79,High
Delhi,2023-01-01,55.68,Medium
Delhi,2023-01-02,67.59,High
Delhi,2023-01-03,59.97,Medium
Delhi,2023-01-04,70.53,High
Delhi,2023-01-05,57.12,Medium
Delhi,2023-01-06,60.54,Medium
Delhi,2023-01-07,62.19,Medium
Delhi,2023-01-08,51.9,Medium
Delhi,2023-01-09,51.27,Medium
Delhi,2023-01-10,69.63,High
Delhi,2023-01-11,55.86,Medium
Delhi,2023-01-12,43.77,Medium
Delhi,2023-01-13,62.16,Medium
Delhi,2023-01-14,65.19,High
Delhi,2023-01-15,67.86,High
Delhi,2023-01-16,47.4,Medium
Delhi,2023-01-17,58.74,Medium
Delhi,2023-01-18,69.09,High
Delhi,2023-01-19,62.46,Medium
Delhi,2023-01-20,53.58,Medium
Delhi,2023-01-21,51.72,Medium
Delhi,2023-01-22,50.7,Medium
Delhi,2023-01-23,48.9,Medium
Delhi,2023-01-24,56.97,Medium
Delhi,2023-01-25,59.79,Medium
Delhi,2023-01-26,46.92,Medium
Delhi,2023-01-27,60.57,Medium
Delhi,2023-01-28,53.43,Medium
Delhi,2023-01-29,44.88,Medium
Delhi,2023-01-30,64.14,Medium
Delhi,2023-01-31,59.52,Medium
Delhi,2023-02-01,39.57,Medium
Delhi,2023-02-02,50.88,Medium
Delhi,2023-02-03,39.03,Medium
Delhi,2023-02-04,32.61,Low
Delhi,2023-02-05,38.82,Medium
Delhi,2023-02-06,49.08,Medium
Delhi,2023-02-07,52.95,Medium
Delhi,2023-02-08,47.58,Medium
Delhi,2023-02-09,43.98,Medium
Delhi,2023-02-10,37.89,Medium
Delhi,2023-02-11,48.09,Medium
Delhi,2023-02-12,30.81,Low
Delhi,2023-02-13,50.76,Medium
Delhi,2023-02-14,46.86,Medium
Delhi,2023-02-15,49.08,Medium
Delhi,2023-02-16,51.21,Medium
Delhi,2023-02-17,47.76,Medium
Delhi,2023-02-18,44.85,Medium
Delhi,2023-02-19,34.8,Low
Delhi,2023-02-20,40.44,Medium
Delhi,2023-02-21,39.09,Medium
Delhi,2023-02-22,42.42,Medium
Delhi,2023-02-23,46.77,Medium
Delhi,2023-02-24,51.18,Medium
Delhi,2023-02-25,35.49,Medium
Delhi,2023-02-26,40.65,Medium
Delhi,2023-02-27,43.59,Medium
Delhi,2023-02-28,48.66,Medium
Delhi,2023-03-01,42.33,Medium
Delhi,2023-03-02,40.11,Medium
Delhi,2023-03-03,51.72,Medium
Delhi,2023-03-04,51.57,Medium
Delhi,2023-03-05,49.14,Medium
Delhi,2023-03-06,42.78,Medium
Delhi,2023-03-07,52.83,Medium
Delhi,2023-03-08,51.87,Medium
Delhi,2023-03-09,48.36,Medium
Delhi,2023-03-10,40.2,Medium
Delhi,2023-03-11,43.08,Medium
Delhi,2023-03-12,45.45,Medium
Delhi,2023-03-13,41.94,Medium
Delhi,2023-03-14,48.96,Medium
Delhi,2023-03-15,33.15,Low
Delhi,2023-03-16,39.39,Medium
Delhi,2023-03-17,42.36,Medium
Delhi,2023-03-18,48.99,Medium
Delhi,2023-03-19,35.82,Medium
Delhi,2023-03-20,47.7,Medium
Delhi,2023-03-21,51.33,Medium
Delhi,2023-03-22,43.77,Medium
Delhi,2023-03-23,37.35,Medium
Delhi,2023-03-24,45.21,Medium
Delhi,2023-03-25,43.2,Medium
Delhi,2023-03-26,33.66,Low
Delhi,2023-03-27,46.11,Medium
Delhi,2023-03-28,34.02,Low
Delhi,2023-03-29,36.18,Medium
Delhi,2023-03-30,32.37,Low
Delhi,2023-03-31,33.9,Low
Delhi,2023-04-01,36.73,Medium
Delhi,2023-04-02,42.42,Medium
Delhi,2023-04-03,35.85,Medium
Delhi,2023-04-04,31.58,Low
Delhi,2023-04-05,25.95,Low
Delhi,2023-04-06,40.72,Medium
Delhi,2023-04-07,34.42,Low
Delhi,2023-04-08,34.48,Low
Delhi,2023-04-09,33.1,Low
Delhi,2023-04-10,32.1,Low
Delhi,2023-04-11,36.75,Medium
Delhi,2023-04-12,36.27,Medium
Delhi,2023-04-13,29.69,Low
Delhi,2023-04-14,42.04,Medium
Delhi,2023-04-15,32.95,Low
Delhi,2023-04-16,31.66,Low
Delhi,2023-04-17,29.18,Low
Delhi,2023-04-18,43.6,Medium
Delhi,2023-04-19,36.54,Medium
Delhi,2023-04-20,36.61,Medium
Delhi,2023-04-21,38.16,Medium
Delhi,2023-04-22,30.39,Low
Delhi,2023-04-23,39.2,Medium
Delhi,2023-04-24,29.43,Low
Delhi,2023-04-25,31.47,Low
Delhi,2023-04-26,38.76,Medium
Delhi,2023-04-27,31.44,Low
Delhi,2023-04-28,44.91,Medium
Delhi,2023-04-29,35.18,Medium
Delhi,2023-04-30,32.68,Low
Delhi,2023-05-01,30.2,Low
Delhi,2023-05-02,40.31,Medium
Delhi,2023-05-03,31.5,Low
Delhi,2023-05-04,36.3,Medium
Delhi,2023-05-05,43.12,Medium
Delhi,2023-05-06,45.93,Medium
Delhi,2023-05-07,32.72,Low
Delhi,2023-05-08,33.33,Low
Delhi,2023-05-09,34.54,Low
Delhi,2023-05-10,28.68,Low
Delhi,2023-05-11,28.88,Low
Delhi,2023-05-12,25.14,Low
Delhi,2023-05-13,38.87,Medium
Delhi,2023-05-14,41.33,Medium
Delhi,2023-05-15,39.18,Medium
Delhi,2023-05-16,38.66,Medium
Delhi,2023-05-17,40.35,Medium
Delhi,2023-05-18,30.42,Low
Delhi,2023-05-19,39.41,Medium
Delhi,2023-05-20,41.8,Medium
Delhi,2023-05-21,46.53,Medium
Delhi,2023-05-22,42.63,Medium
Delhi,2023-05-23,30.46,Low
Delhi,2023-05-24,38.93,Medium
Delhi,2023-05-25,39.34,Medium
Delhi,2023-05-26,40.44,Medium
Delhi,2023-05-27,26.76,Low
Delhi,2023-05-28,35.86,Medium
Delhi,2023-05-29,32.22,Low
Delhi,2023-05-30,25.62,Low
Delhi,2023-05-31,36.28,Medium
Delhi,2023-06-01,28.49,Low
Delhi,2023-06-02,29.83,Low
Delhi,2023-06-03,49.52,Medium
Delhi,2023-06-04,32.76,Low
Delhi,2023-06-05,43.09,Medium
Delhi,2023-06-06,42.07,Medium
Delhi,2023-06-07,33.0,Low
Delhi,2023-06-08,33.08,Low
Delhi,2023-06-09,34.84,Low
Delhi,2023-06-10,34.05,Low
Delhi,2023-06-11,38.36,Medium
Delhi,2023-06-12,30.57,Low
Delhi,2023-06-13,45.38,Medium
Delhi,2023-06-14,36.62,Medium
Delhi,2023-06-15,34.38,Low
Delhi,2023-06-16,42.84,Medium
Delhi,2023-06-17,29.44,Low
Delhi,2023-06-18,32.79,Low
Delhi,2023-06-19,35.73,Medium
Delhi,2023-06-20,39.34,Medium
Delhi,2023-06-21,41.51,Medium
Delhi,2023-06-22,36.15,Medium
Delhi,2023-06-23,40.74,Medium
Delhi,2023-06-24,31.75,Low
Delhi,2023-06-25,36.48,Medium
Delhi,2023-06-26,25.95,Low
Delhi,2023-06-27,50.3,Medium
Delhi,2023-06-28,25.26,Low
Delhi,2023-06-29,26.85,Low
Delhi,2023-06-30,42.37,Medium
Delhi,2023-07-01,25.43,Low
Delhi,2023-07-02,25.67,Low
Delhi,2023-07-03,28.63,Low
Delhi,2023-07-04,26.04,Low
Delhi,2023-07-05,21.45,Low
Delhi,2023-07-06,20.67,Low
Delhi,2023-07-07,28.74,Low
Delhi,2023-07-08,18.4,Low
Delhi,2023-07-09,21.96,Low
Delhi,2023-07-10,30.15,Low
Delhi,2023-07-11,22.87,Low
